기사 링크,기사 제목,이미지 URL,기사 요약,언론사,게시 시간
https://n.news.naver.com/mnews/article/011/0004441569,"[동십자각] 정치, 금융 발목이나 잡지 마라",https://mimgnews.pstatic.net/image/origin/011/2025/01/19/4441569.jpg?type=nf220_150,“최악의 경우 뱅크런 가능성을 배제할 수 없었을 겁니다.” ‘리빌딩 파이낸스 2025’ 기획 기사 취재를 위해 지난해 12월 찾은 국내 한 시중은행의 동남아 지점 관계자는 ‘만약 한국에서 비상계엄이 그대로 유지됐다면,서울경제,8분전
https://n.news.naver.com/mnews/article/018/0005927900,'지급결제제도' 감독권한 '한은 VS 금감원' 갈등 재점화 우려,https://mimgnews.pstatic.net/image/origin/018/2025/01/19/5927900.jpg?type=nf220_150,한국은행이 금융감독원을 거치지 않고 지급결제 운영·참가 기관을 단독 조사할 수 있다는 내용을 담은 한국은행법 개정안이 발의됐다. 지급결제제도 관리·감독 권한을 두고 금융당국과 한국은행 간 갈등이 재점화할 것으로 보인,이데일리,11분전
https://n.news.naver.com/mnews/article/018/0005927897,금융시장 위기 미리 파악·대응...농협銀 '조기경보지표'가동,https://mimgnews.pstatic.net/image/origin/018/2025/01/19/5927897.jpg?type=nf220_150,올해 미국 트럼프 행정부 출범 등으로 대내·외 시장 불확실성이 커진 가운데 은행들이 산·학 협력 등을 통해 리스크관리 기술을 고도화하고 있다. NH농협은행은 주식·채권·외환 주요 시장지표를 분석해 위험 수준 도달시,이데일리,13분전
https://n.news.naver.com/mnews/article/417/0001053018,"함영주 하나금융 회장, 베인캐피탈 CEO 만나… ""국내 투자확대 논의""",https://mimgnews.pstatic.net/image/origin/417/2025/01/19/1053018.jpg?type=nf220_150,하나금융그룹은 지난 17일 서울시 중구 을지로 소재 하나금융그룹 명동 사옥에서 글로벌 최상위 사모펀드 운용사인 베인캐피탈과 최고경영자 미팅을 가졌다고 19일 밝혔다. 하나금융그룹과 베인캐피탈은 2016년 베인캐피탈이,머니S,19분전
https://n.news.naver.com/mnews/article/009/0005431277,"""효율성 높여라""… 희망퇴직 늘리는 4대銀",https://mimgnews.pstatic.net/image/origin/009/2025/01/19/5431277.jpg?type=nf220_150,"점포폐쇄 어려운 상황 속 은행들, 인력감축에 집중 국민銀 3년간 2천명 최다 경영효율성은 대폭 개선 채용줄며 평균연령은 높아져 KB국민은행이 2024년까지 최근 3년간 2061명의 희망퇴직을 통해 영업이익경비율(CI",매일경제,30분전
https://n.news.naver.com/mnews/article/009/0005431276,"임종룡 해외투자자에 서한 ""밸류업 일관되게 추진할것""",,"임종룡 우리금융그룹 회장이 해외 투자자들에게 서한을 보내 그룹의 기업가치 제고(밸류업) 추진 의지를 강조했다. 19일 우리금융그룹에 따르면 임 회장은 서한에서 ""한국 경제의 견고한 펀더멘털과 높은 정치적 성숙도를 바",매일경제,30분전
https://n.news.naver.com/mnews/article/009/0005431275,불법 채권추심신고 4년새 5배 급증,,경기악화에 급전 수요 늘고 대부업체 문턱 높아지며 초고금리 사금융으로 내몰려 불법 사금융 피해 상담·신고 건수가 5년래 최대치를 기록한 것으로 집계됐다. 추심 방식이 잔인해지면서 채권 추심과 관련한 피해 상담 건수가,매일경제,30분전
https://n.news.naver.com/mnews/article/009/0005431274,[표] 외국환율고시,https://mimgnews.pstatic.net/image/origin/009/2025/01/19/5431274.jpg?type=nf220_150,,매일경제,30분전
https://n.news.naver.com/mnews/article/009/0005431273,[포토] 베인캐피털 CEO 만난 함영주 회장,https://mimgnews.pstatic.net/image/origin/009/2025/01/19/5431273.jpg?type=nf220_150,,매일경제,31분전
https://n.news.naver.com/mnews/article/009/0005431272,개인사업자 공략나선 인뱅 대출 1년만에 30% 늘었다,https://mimgnews.pstatic.net/image/origin/009/2025/01/19/5431272.jpg?type=nf220_150,가계대출비중 축소 포석 연체율 동반상승은 과제 수익 다각화를 위해 인터넷전문은행(인뱅)들이 개인사업자 공략에 나서면서 관련 대출이 1년 새 30% 늘어났다. 다만 관련 대출 연체도 늘고 있어 우려가 제기된다. 17일,매일경제,31분전
https://n.news.naver.com/mnews/article/417/0001053016,"김재관 KB국민카드 사장 ""변화의 출발점은 소통… 협업 문화 정착""",https://mimgnews.pstatic.net/image/origin/417/2025/01/19/1053016.jpg?type=nf220_150,"KB국민카드는 지난 17일 김재관 사장을 비롯한 경영진과 본부부서장, 지역단장, KB신용정보 사장 등이 참석한 가운데 올해 상반기 경영전략회의를 개최했다고 19일 밝혔다. 경영전략회의에서는 지난해 우수한 실적을 거둔",머니S,33분전
https://n.news.naver.com/mnews/article/003/0013024054,[인사]금융위원회,,▲기획조정관 김기한 ▲구조개선정책관 유영준 ▲디지털금융정책관 김동환 ▲금융정보분석원 제도운영기획관 윤영은,뉴시스,1시간전
https://n.news.naver.com/mnews/article/014/0005297673,빚 못갚는 자영업자·소상공인 속출…보증기관 대위변제 사상 최대,https://mimgnews.pstatic.net/image/origin/014/2025/01/19/5297673.jpg?type=nf220_150,지난해 자영업자·소상공인·중소기업 등이 은행 대출을 제때 상환하지 못해 보증기관이 대신 빚을 갚아준 금액이 사상 최대로 증가한 것으로 나타났다. 코로나 팬데믹 이후 빚을 낸 이들이 내수 부진으로 인한 경영난에 고금리,파이낸셜뉴스,1시간전
https://n.news.naver.com/mnews/article/028/0002727365,"원-달러 환율, 트럼프 대통령 취임 뒤 진정세에 들어갈까?",https://mimgnews.pstatic.net/image/origin/028/2025/01/19/2727365.jpg?type=nf220_150,20일(현지시각) 미국에서 트럼프 2기 행정부가 출범하고 나면 정책 불확실성이 다소 해소되면서 전 세계적인 달러 강세 현상이 잦아들 것이라는 전망이 나온다. 1400원 중후반까지 치솟은 원-달러 환율도 진정세에 들어,한겨레,1시간전
https://n.news.naver.com/mnews/article/421/0008030807,"비트코인, 트럼프 취임 다가오자 또 사상 최고가(종합)",https://mimgnews.pstatic.net/image/origin/421/2025/01/19/8030807.jpg?type=nf220_150,가상자산(암호화폐) 비트코인이 도널드 트럼프 미국 대통령 취임을 앞두고 19일 국내 거래소에서 33일 만에 사상 최고가를 또다시 경신했다. 업비트에 따르면 비트코인 가격은 이날 오후 2시52분경 1억 5720만원대를,뉴스1,1시간전
https://n.news.naver.com/mnews/article/366/0001048268,"비트코인, 트럼프 취임 앞두고 사상 최고가… 1억5720만원",https://mimgnews.pstatic.net/image/origin/366/2025/01/19/1048268.jpg?type=nf220_150,가상자산(암호화폐) 비트코인이 도널드 트럼프 미국 대통령 취임을 앞두고 19일 국내 거래소에서 사상 최고가를 경신했다. 업비트에 따르면 비트코인 가격은 이날 오후 2시 52분쯤 1억5720만원대를 기록했다. 앞서 비,조선비즈,2시간전
https://n.news.naver.com/mnews/article/421/0008030749,"비트코인, 트럼프 취임 앞두고 사상 최고가 경신…1억5720만원",https://mimgnews.pstatic.net/image/origin/421/2025/01/19/8030749.jpg?type=nf220_150,가상자산(암호화폐) 비트코인이 도널드 트럼프 미국 대통령 취임을 앞두고 19일 국내 거래소에서 사상 최고가를 경신했다. 업비트에 따르면 비트코인 가격은 이날 오후 2시52분경 1억5720만원대를 기록했다. 앞서 비트,뉴스1,2시간전
https://n.news.naver.com/mnews/article/014/0005297650,"함영주 하나금융 회장, 베인캐피탈 최고경영진과 국내 투자 확대 소통",https://mimgnews.pstatic.net/image/origin/014/2025/01/19/5297650.jpg?type=nf220_150,하나금융그룹은 지난 17일 서울시 중구 하나금융그룹 명동 사옥에서 글로벌 사모펀드 운용사 베인캐피탈(Bain Capital)과 최고경영자 미팅을 가졌다고 19일 밝혔다. 베인캐피탈은 국내 투자에 대한 세부적인 아이디,파이낸셜뉴스,2시간전
https://n.news.naver.com/mnews/article/421/0008030747,"[속보] 비트코인, 사상 최고가 경신…1억5720만원",https://mimgnews.pstatic.net/image/origin/421/2025/01/19/8030747.jpg?type=nf220_150,,뉴스1,2시간전
https://n.news.naver.com/mnews/article/011/0004441541,“설 연휴 중 대출 만기·카드대금·공과금 31일로 자동 연기”,https://mimgnews.pstatic.net/image/origin/011/2025/01/19/4441541.jpg?type=nf220_150,"금융위원회는 대출 만기일과 신용카드 결제일, 보험료·공과금 자동납부일이 설 연휴 기간 돌아오는 경우 연휴 이후인 이달 31일로 미뤄진다고 19일 안내했다. 은행·보험·저축은행·카드 등 대출의 상환만기가 설 연휴인 2",서울경제,2시간전
https://n.news.naver.com/mnews/article/014/0005297647,설 연휴 중소·중견기업에 95조 공급..대출만기·카드결제일 31일로 연기,https://mimgnews.pstatic.net/image/origin/014/2025/01/19/5297647.jpg?type=nf220_150,"설 연휴(이달 25∼30일) 전후로 중소·중견기업에 모두 95조원의 자금이 공급된다. 설 연휴 기간에 대출 만기일, 신용카드 결제일, 공과금 자동납부일이 있으면 연휴 이후인 이달 31일로 연기된다. 금융위원회는 19",파이낸셜뉴스,2시간전
https://n.news.naver.com/mnews/article/018/0005927857,고환율에 밸류업 발목 잡힐라…금융지주 회장들 발 벗고 나섰다,https://mimgnews.pstatic.net/image/origin/018/2025/01/19/5927857.jpg?type=nf220_150,"12·3 비상계엄 사태와 탄핵 정국, 트럼프 정부의 출범으로 고환율 상황이 이어지자, 금융그룹 회장들이 기업가치 제고(밸류업)의 불씨를 살리기 위해 발 벗고 나섰다. 임종룡 우리금융그룹 회장.(사진=우리금융그룹) 1",이데일리,2시간전
https://n.news.naver.com/mnews/article/008/0005143113,공실 폭탄 지식산업센터…대출 내준 은행 연체율도 '빨간불',https://mimgnews.pstatic.net/image/origin/008/2025/01/19/5143113.jpg?type=nf220_150,'공실 폭탄' 지식산업센터의 불황이 은행권 연체율 상승으로 이어졌다. 2020년대 초 창업의 산실이자 유망한 투자처로 주목받았으나 과잉 공급에 고금리·경기침체가 더해지면서 미회수 대출이 발생하고 있다. 은행들은 지식,머니투데이,2시간전
https://n.news.naver.com/mnews/article/030/0003277269,"[ET톡]'달과 6펜스', 핀테크가 달을 좇으려면",https://mimgnews.pstatic.net/image/origin/030/2025/01/19/3277269.jpg?type=nf220_150,"폴 고갱 삶에서 영감을 받은 소설 '달과 6펜스'는 이상과 현실 사이에서 갈등하는 인간의 내면을 돌아보게 만든다. 달은 쉽사리 닿을 수 없는 이상을, 영국 화폐 단위에서 가장 낮은 '6펜스'는 안정적인 현실을 상징한",전자신문,2시간전
https://n.news.naver.com/mnews/article/015/0005084000,"임종룡 우리금융 회장 ""우리금융 저평가 해소하겠다""",https://mimgnews.pstatic.net/image/origin/015/2025/01/19/5084000.jpg?type=nf220_150,우리금융그룹(회장 임종룡·사진)이 주요 투자자에게 기업설명(IR) 서한을 발송했다고 19일 밝혔다. 지난해 주요 성과와 함께 우리금융의 밸류업(기업 가치 제고) 추진 의지를 재차 강조하기 위해서다. 임 회장은 “글로,한국경제,2시간전
https://n.news.naver.com/mnews/article/422/0000706749,"해외투자자에 'K-금융' 세일즈…함영주 하나금융 회장, 베인캐피탈과 면담",https://mimgnews.pstatic.net/image/origin/422/2025/01/19/706749.jpg?type=nf220_150,"하나금융그룹은 함영주 회장이 베인캐피탈 최고경영진과 면담하며, 우리 경제 성장 가능성을 강조했다고 오늘(19일) 밝혔습니다. 하나금융에 따르면 함 회장은 지난 17일 서울 중구 을지로 하나금융그룹 명동 사옥에서 사모",연합뉴스TV,2시간전
https://n.news.naver.com/mnews/article/277/0005534964,"금융권, 설연휴 중소기업에 특별자금 95조원 공급",https://mimgnews.pstatic.net/image/origin/277/2025/01/19/5534964.jpg?type=nf220_150,올해 설 연휴를 전후로 국내 중소·중견기업에 모두 95조원의 자금이 공급된다. 금융위원회는 금융권이 설 연휴 전후로 취약부문 자금공급과 금융이용에 불편이 없도록 금융지원을 실시한다고 19일 밝혔다. 산업은행과 기업은,아시아경제,2시간전
https://n.news.naver.com/mnews/article/422/0000706747,"""밸류업 정책 변함 없어""…임종룡 우리금융 회장, 해외 투자자들에 서한",https://mimgnews.pstatic.net/image/origin/422/2025/01/19/706747.jpg?type=nf220_150,"임종룡 우리금융그룹 회장이 해외 투자자들에게 서한을 보내 지난해 성과를 소개하고 그룹의 기업가치 제고(밸류업) 추진 의지를 강조했다고 우리금융이 오늘(19일) 밝혔습니다. 임 회장은 서한에서 ""한국 경제의 견고한 펀",연합뉴스TV,2시간전
https://n.news.naver.com/mnews/article/029/0002930417,"농협중앙회, `사내벤처 육성`해 미래성장 동력 강화",https://mimgnews.pstatic.net/image/origin/029/2025/01/19/2930417.jpg?type=nf220_150,농협중앙회가 임직원 100여명과 함께 '농협 사내벤처 착수보고회'를 개최했다고 19일 밝혔다. 이번 보고회에선 사내벤처의 성공적인 정착과 성과창출을 위한 다양한 의견이 논의됐다. 미래성장 동력 강화를 위한 '2025,디지털타임스,2시간전
https://n.news.naver.com/mnews/article/011/0004441535,"""상호금융 주담대 차주, 은행·보험사보다 채무불이행자 비율 높아”",https://mimgnews.pstatic.net/image/origin/011/2025/01/19/4441535.jpg?type=nf220_150,상호금융에서 주택담보대출을 받은 사람들이 은행·보험사에서 대출 받은 사람들 보다 빚을 갚지 않아 관리를 강화해야 한다는 주장이 나왔다. 특히 상호금융에서 돈을 빌린 사람들의 경우 소득 수준이 낮을 가능성이 높은 60,서울경제,2시간전
https://n.news.naver.com/mnews/article/029/0002930413,"농협은행 농업·공공금융부문, 우리 쌀로 `아침밥 먹기` 캠페인",https://mimgnews.pstatic.net/image/origin/029/2025/01/19/2930413.jpg?type=nf220_150,NH농협은행은 백남성 농업·공공금융부문 부행장과 임직원들이 경복궁 인근에서 우리 쌀 소비 촉진을 위한 아침밥 먹기 운동을 실시했다고 19일 밝혔다. 행사에는 농협은행 농업·공공금융부문 백남성 부행장과 60여명의 직원,디지털타임스,2시간전
https://n.news.naver.com/mnews/article/629/0000357874,설 연휴 중소·중견에 94.6조 공급…카드대금 최대 7일 선지급,https://mimgnews.pstatic.net/image/origin/629/2025/01/19/357874.jpg?type=nf220_150,"정책금융기관 15.2조, 은행권 79.4조 공급 정부와 정책금융기관, 시중은행 등 금융권이 설 연휴 자금 조달에 취약할 중소·중견기업, 소상공인 등을 지원해 국민의 금융 이용 불편을 최소화한다. 19일 금융위원회(금",더팩트,2시간전
https://n.news.naver.com/mnews/article/011/0004441531,"하나·우리금융 회장, 해외투자자에 ""한국 경제 투자매력 여전""",https://mimgnews.pstatic.net/image/origin/011/2025/01/19/4441531.jpg?type=nf220_150,함영주 하나금융그룹 회장과 임종룡 우리금융그룹 회장이 해외투자자들에게 한국 경제의 투자매력을 어필했다. 비록 현직 대통령 구속 등으로 정치상황이 불안정하지만 일시적인 상황일 뿐 여전히 투자 매력이 있다는 점을 강조하,서울경제,2시간전
https://n.news.naver.com/mnews/article/018/0005927840,"농협銀 농업·공공금융부문, 우리 쌀 아침밥 먹기 캠페인",https://mimgnews.pstatic.net/image/origin/018/2025/01/19/5927840.jpg?type=nf220_150,NH농협은행은 백남성 농업·공공금융부문 부행장과 임직원들이 경복궁 인근에서 우리 쌀 소비 촉진을 위한 아침밥 먹기 운동을 실시했다고 19일 밝혔다. 이날 행사에는 농협은행 농업·공공금융부문 백남성 부행장과 60여명의,이데일리,2시간전
https://n.news.naver.com/mnews/article/029/0002930407,"농협은행, 말벗어르신 100명에 농산물꾸러미 전달",https://mimgnews.pstatic.net/image/origin/029/2025/01/19/2930407.jpg?type=nf220_150,"NH농협은행 고객행복센터 직원과 상담사들은 지난 17일 설 명절을 맞아 말벗어르신 100명에게 우리농산물 꾸러미를 전달하고, 서울시 중랑구의 말벗어르신 댁을 찾아 환경정리를 하며 말벗이 되는 사회공헌활동을 펼쳤다고",디지털타임스,3시간전
https://n.news.naver.com/mnews/article/417/0001053004,"연휴, 중소기업에 94.6조 지원… 카드대금 최대 7일 먼저 지급",https://mimgnews.pstatic.net/image/origin/417/2025/01/19/1053004.jpg?type=nf220_150,정책금융기관·은행권이 설 연휴 중소·중견기업을 대상으로 94조6000억원 규모의 자금을 공급한다. 카드업계는 중소 카드가맹점에 최대 7일 먼저 대금을 지급한다. 금융위원회는 19일 금융권이 설 연휴 동안 취약부문에,머니S,3시간전
https://n.news.naver.com/mnews/article/469/0000844833,"'수익률 세계 1위 실화?'... 달라진 한국 증시, 왜?",https://mimgnews.pstatic.net/image/origin/469/2025/01/19/844833.jpg?type=nf220_150,지난해 상승장에서 ‘나홀로 소외’를 겪은 한국 증시가 연초 글로벌 최상위 수익률을 기록하며 질주 중이다. 지난해 성적이 좋지 않아 '저평가' 매력이 부상한 데다 반도체주 등 일부 시가총액 상위주들의 약진이 지수 상승,한국일보,9분전
https://n.news.naver.com/mnews/article/648/0000032615,국민연금 찬성 '고려아연 집중투표제'…이젠 법원 판단에 시선집중,https://mimgnews.pstatic.net/image/origin/648/2025/01/19/32615.jpg?type=nf220_150,국민연금이 고려아연 임시주총에서 집중투표제 도입을 위한 정관 변경 안건에 찬성하면서 이제는 법원의 판단 여부에 시선이 집중되고 있다. MBK파트너스가 집중투표제 도입을 전제로 한 이사 선임을 막아달라며 낸 가처분 신,비즈워치,12분전
https://n.news.naver.com/mnews/article/243/0000071521,트럼프 밈 코인 1만8000% 급등…親가상자산 정책 신호탄?,https://mimgnews.pstatic.net/image/origin/243/2025/01/19/71521.jpg?type=nf220_150,"'친(親) 가상자산(암호화폐) 대통령이 되겠다'고 공약한 도널드 트럼프 미국 대통령 당선인 측이 취임을 앞두고 자체 밈 코인을 출시했다. 트럼프 당선인은 17일(현지시간) 트루스소셜, 엑스(X·옛 트위터) 등 소셜미",이코노미스트,14분전
https://n.news.naver.com/mnews/article/421/0008030905,"삼성전자, 코스피 반등에도 하락세…제한적 성장 예상에 목표가 '뚝'",https://mimgnews.pstatic.net/image/origin/421/2025/01/19/8030905.jpg?type=nf220_150,"새해 들어 코스피가 반등세를 보이며 SK하이닉스(000660) 등 반도체 종목들의 랠리가 이어지고 있는 가운데, 삼성전자(005930) 주가는 이와 다른 행보를 보이고 있다. 19일 한국거래소에 따르면 삼성전자 주가",뉴스1,26분전
https://n.news.naver.com/mnews/article/020/0003610848,원-달러 환율 내림세-증시도 상승 기대감 ‘솔솔’,https://mimgnews.pstatic.net/image/origin/020/2025/01/19/3610848.jpg?type=nf220_150,지난해 12월 비상계엄 사태 이후 얼어붙었던 국내 외환·금융 시장이 올해 들어 회복세를 나타냈다. 강달러를 부추기는 미국의 경제 지표에도 원-달러 환율은 내림세를 보였다. 국내 증시도 외국인들의 순매수세에 힘입어 올,동아일보,50분전
https://n.news.naver.com/mnews/article/031/0000902507,"""상폐 위한 공개매수, 이사회 의견서 제출해야""",https://mimgnews.pstatic.net/image/origin/031/2025/01/19/902507.jpg?type=nf220_150,최근 자발적 상장폐지를 위한 공개매수 사례가 늘고 있는 가운데 공개매수 가격의 적정성을 검토하는 외부기관의 평가와 이사회 의견서 제출을 의무화해야 한다는 제언이 나왔다. 자본시장연구원은 최근 'M&A를 활용한 자발적,아이뉴스24,50분전
https://n.news.naver.com/mnews/article/648/0000032614,"[인사이드 스토리]'얼죽신'인데 서울 미분양? ""가격이…""",https://mimgnews.pstatic.net/image/origin/648/2025/01/19/32614.jpg?type=nf220_150,"'얼죽신(얼어 죽어도 신축)', '서울 청약 불패'라는 말이 한풀 꺾이는 모양새입니다. 지난해 서울 지역 청약은 수백 대 1의 경쟁률을 보였지만요. 부동산 경기 침체, 정국 불안으로 매수 관망세가 짙어지면서 당첨자들",비즈워치,53분전
https://n.news.naver.com/mnews/article/215/0001195763,증시 분위기 180도 달라졌다…한달새 1조원 '급증',https://mimgnews.pstatic.net/image/origin/215/2025/01/19/1195763.jpg?type=nf220_150,"국내 증시가 새해들어 강세를 보이자 빚을 내 투자하는, 이른바 '빚투' 규모가 빠른 속도로 늘고 있다. 최근 한달사이 1조원 넘게 늘어났는데, 트럼프수혜주·로봇 등 테마성 종목에 대거 몰리면서 우려감 역시도 적지 않",한국경제TV,1시간전
https://n.news.naver.com/mnews/article/009/0005431217,‘다산난사 증시’ 널널한 퇴출 기준 한몫…2015년 이후 시총·매출 미달 상폐 0건,https://mimgnews.pstatic.net/image/origin/009/2025/01/19/5431217.jpg?type=nf220_150,2010년부터 집계해도 5건에 불과 ‘고의 상폐’ 의혹 기업 등 문제기업 상장폐지 사유인 매출·시가총액 미달 기준이 턱없이 낮아 최근 9년간 관련해 퇴출된 사례가 없었던 것으로 나타났다. 사실상 허울뿐인 기준으로 전,매일경제,1시간전
https://n.news.naver.com/mnews/article/029/0002930437,"""5년간 거래 한 건인데""… 가상자산사업자 갱신심사 기준 논란",https://mimgnews.pstatic.net/image/origin/029/2025/01/19/2930437.jpg?type=nf220_150,"29개 사업자중 프라뱅만 승인 거래량·시스템 등 기준 모호 금융위원회가 최근 5년여간 거래가 한 건에 불과한 코인거래소에 대한 가상자산취급업자 라이센스(바스프)를 갱신해주면서 과정에서, 관련 기준을 두고 논란이 일고",디지털타임스,1시간전
https://n.news.naver.com/mnews/article/014/0005297665,"""장기불황 리밸런싱 위한 사모펀드 역할 중요해질 것""[M&A 리더에게 듣는다④]",https://mimgnews.pstatic.net/image/origin/014/2025/01/19/5297665.jpg?type=nf220_150,“사모펀드(PEF)가 장기불황으로 어려움을 겪고 있는 중화학 업계에 다양한 해법을 제시할 수 있을 것으로 기대합니다” 길기완 딜로이트 안진회계법인 경영자문 부문대표(사진)는 장기침체 업종은 자금과 기획 역량을 갖춘,파이낸셜뉴스,1시간전
https://n.news.naver.com/mnews/article/015/0005084013,'꼴찌 탈출' K증시 반전 드라마에도…개미들 '초긴장' [최만수의 스톡네비게이션],https://mimgnews.pstatic.net/image/origin/015/2025/01/19/5084013.jpg?type=nf220_150,지난해 세계에서 수익률 꼴찌였던 한국 증시가 새해 초반 반전 드라마를 쓰고 있다. 일본 중국 등 주변국 증시가 주춤한 가운데 나홀로 상승세를 이어가는 중이다. 밸류에이션(실적 대비 주가수준)이 ‘역대급 저평가’ 수준,한국경제,1시간전
https://n.news.naver.com/mnews/article/366/0001048269,"정치 불안 해소 기대?… 국가 신인도 지표 CDS 프리미엄, 하락세 전환",https://mimgnews.pstatic.net/image/origin/366/2025/01/19/1048269.jpg?type=nf220_150,한국의 신용부도스와프(CDS) 프리미엄이 최근 하락세로 돌아섰다. CDS 프리미엄은 채권을 발행한 국가의 대외 신인도를 보여주는 지표다. 최근 국내 정치적 불확실성이 지속되면서 상승 곡선을 그려왔다. 19일 금융정보,조선비즈,1시간전
https://n.news.naver.com/mnews/article/243/0000071518,"금감원, 공매도 전산화 시스템 3월 완료…무차입 공매도 방지 박차",https://mimgnews.pstatic.net/image/origin/243/2025/01/19/71518.jpg?type=nf220_150,금융당국이 오는 3월 말 공매도 재개를 앞두고 규제 체계를 명확히 하는 '통합 가이드라인 최종안'을 마련했다고 19일 밝혔다. 가이드라인에 따르면 무차입 공매도 발생 가능성에 대비해 법인별 내부통제 기준을 차등화하기,이코노미스트,1시간전
https://n.news.naver.com/mnews/article/421/0008030807,"비트코인, 트럼프 취임 다가오자 또 사상 최고가(종합)",https://mimgnews.pstatic.net/image/origin/421/2025/01/19/8030807.jpg?type=nf220_150,가상자산(암호화폐) 비트코인이 도널드 트럼프 미국 대통령 취임을 앞두고 19일 국내 거래소에서 33일 만에 사상 최고가를 또다시 경신했다. 업비트에 따르면 비트코인 가격은 이날 오후 2시52분경 1억 5720만원대를,뉴스1,1시간전
https://n.news.naver.com/mnews/article/008/0005143126,"""상승 모멘텀 풍부"" 증권가에서 꼽은 새해 유망주 '세 종목'",https://mimgnews.pstatic.net/image/origin/008/2025/01/19/5143126.jpg?type=nf220_150,"머니투데이 증권부가 선정한 1월 셋째 주 주간 베스트리포트는 3건입니다. 김규연 미래에셋증권 연구원이 에스엠에 대해 분석한 '중국 밸류에이션의 최강자', 김성호 하나증권 연구원이 엠로를 분석한 '달라진 실적의 원인,",머니투데이,1시간전
https://n.news.naver.com/mnews/article/008/0005143123,롯데백화점 설 선물 매출 '이것' 때문에 2배 뛰었다,https://mimgnews.pstatic.net/image/origin/008/2025/01/19/5143123.jpg?type=nf220_150,롯데백화점이 '디저트 설 선물'이 인기를 끌면서 매출 성장세가 지난해 설 명절 때보다 2배에 이른다고 19일 밝혔다. 앞서 롯데백화점은 디저트가 식문화 중심으로 자리 잡는 추세를 설 선물에 반영했다. 전 세계 디저트,머니투데이,2시간전
https://n.news.naver.com/mnews/article/018/0005927871,‘해외형 TR ETF’ 금지령에 난감해진 삼성운용…업계 선두 뒤바뀌나,https://mimgnews.pstatic.net/image/origin/018/2025/01/19/5927871.jpg?type=nf220_150,오는 7월부터 해외주식형 토탈리턴(TR) 상장지수펀드(ETF)의 운용에 제동이 걸리며 자산운용업계에 미칠 여파에 관심이 쏠리고 있다. ETF 시장 점유율 1위인 삼성자산운용이 힘을 쏟아왔던 TR형 상품에서 투자자 이,이데일리,2시간전
https://n.news.naver.com/mnews/article/008/0005143121,이마트24-넷마블 설 맞아 '모두의마블' 도시락 선보여,https://mimgnews.pstatic.net/image/origin/008/2025/01/19/5143121.jpg?type=nf220_150,이마트24가 설날을 맞아 넷마블의 모바일 보드게임 '모두의마블'과 함께 '소불고기떡만둣국정찬(5900원)'과 '떡만둣국&모듬전(5900원)' 등 2종의 명절 도시락을 선보인다고 19일 밝혔다. 소불고기떡만둣국정찬은,머니투데이,2시간전
https://n.news.naver.com/mnews/article/648/0000032613,수소 시대 앞당길 열쇠 '액화수소 운송'의 진화,https://mimgnews.pstatic.net/image/origin/648/2025/01/19/32613.jpg?type=nf220_150,"수소 운송 선박 기술 개발이 본격적인 가속 페달을 밟는 모습입니다. 2025년 수소는 단순한 에너지원 그 이상으로, 친환경 선박의 심장을 책임질 차세대 동력으로 떠오르고 있는데요. 기술적 진입장벽이 높아 중국 등 경",비즈워치,2시간전
https://n.news.naver.com/mnews/article/421/0008030749,"비트코인, 트럼프 취임 앞두고 사상 최고가 경신…1억5720만원",https://mimgnews.pstatic.net/image/origin/421/2025/01/19/8030749.jpg?type=nf220_150,가상자산(암호화폐) 비트코인이 도널드 트럼프 미국 대통령 취임을 앞두고 19일 국내 거래소에서 사상 최고가를 경신했다. 업비트에 따르면 비트코인 가격은 이날 오후 2시52분경 1억5720만원대를 기록했다. 앞서 비트,뉴스1,2시간전
https://n.news.naver.com/mnews/article/421/0008030747,"[속보] 비트코인, 사상 최고가 경신…1억5720만원",https://mimgnews.pstatic.net/image/origin/421/2025/01/19/8030747.jpg?type=nf220_150,,뉴스1,2시간전
https://n.news.naver.com/mnews/article/009/0005431197,순식간에 시총 11조원···트럼프 밈코인 광풍,https://mimgnews.pstatic.net/image/origin/009/2025/01/19/5431197.jpg?type=nf220_150,“취임 기념 주화를 코인으로 발행한 셈이다.” 한국시간 지난 18일 오전 전세계 코인 시장이 들썩였다. 세계 최초로 대통령이 공식 밈코인이 등장했기 때문이다. 심지어 세계 최강대국 미국이 발행했다. 순식간에 투자금이,매일경제,2시간전
https://n.news.naver.com/mnews/article/277/0005534963,"[마켓 ING]돌아온 트럼프, 증시 변동성 경계",https://mimgnews.pstatic.net/image/origin/277/2025/01/19/5534963.jpg?type=nf220_150,코스피가 연초 이후 나쁘지 않은 흐름을 이어온 가운데 이번주(1월20~24일)에는 변동성 확대를 경계해야 할 것으로 보인다. 도널드 트럼프 행정부 2기가 출범하면서 취임식 직후 쏟아질 행정명령으로 불확실성이 확대될,아시아경제,2시간전
https://n.news.naver.com/mnews/article/138/0002189625,"공정･투명한 '공매도'위한 가이드라인 최종안 마련… 금감원 ""3월말까지 전산화 완성""",https://mimgnews.pstatic.net/image/origin/138/2025/01/19/2189625.jpg?type=nf220_150,"금융감독원은 19일, 기존 공매도 거래 규제체계를 명확히하고 공정･투명한 거래 질서 확립을 위해 '금융투자업규정시행세칙' 등 개정 사전예고 및 공매도 통합 가이드라인 최종안을 마련했다고 밝혔다. 금감원에",디지털데일리,2시간전
https://n.news.naver.com/mnews/article/008/0005143105,2500선 안착한 국내 증시…트럼프 취임·실적 시즌 주목,https://mimgnews.pstatic.net/image/origin/008/2025/01/19/5143105.jpg?type=nf220_150,연초 국내 증시가 상승세를 보이며 2500선에 안착했지만 도널드 트럼프 미국 대통령 당선인 취임을 앞두고 변동성이 확대될 가능성이 있다. 증권가에서는 4분기 실적 발표 시즌도 본격화되며 관련 변수들을 점검해야 한다는,머니투데이,2시간전
https://n.news.naver.com/mnews/article/009/0005431185,대규모 공매도 법인 전산시스템 의무화···3월 재개 앞두고 시행세칙까지 확정,https://mimgnews.pstatic.net/image/origin/009/2025/01/19/5431185.jpg?type=nf220_150,금융당국이 공매도 재개를 두달여 앞두고 관련 가이드라인의 최종안을 마련했다. 금융감독원은 이같은 내용의 금융투자업규정 시행세칙 등의 개정안과 공매도 통합가이드라인을 19일 발표했다. 대규모 공매도 법인의 전산보고 의,매일경제,2시간전
https://n.news.naver.com/mnews/article/009/0005431184,수술 로봇 ‘다빈치’ 인튜이티브서지컬 주가 급등세…“시장 장악 속도 빨라”,https://mimgnews.pstatic.net/image/origin/009/2025/01/19/5431184.jpg?type=nf220_150,"초고령화 사회에서 의사가 늘어나는 속도보다 환자가 늘어나는 속도가 가팔라질 것으로 관측되는 가운데, 수술용 로봇 시장이 연간 10%에 가깝게 확대되고 있다. 특히 이 시장에서 압도적인 점유율을 보이고 있는 인튜이티브",매일경제,3시간전
https://n.news.naver.com/mnews/article/018/0005927832,‘충격과 공포’ 전략 트럼프 온다…변동성 확대[주간증시전망],https://mimgnews.pstatic.net/image/origin/018/2025/01/19/5927832.jpg?type=nf220_150,"이번 주 주식시장은 실적 시즌이 본격화되고, 도널드 트럼프 미국 대통령의 취임으로 트럼프 2기가 시작되면서 변동성이 확대될 것으로 보인다. 19일 한국거래소에 따르면 지난주(13~17일) 코스피 지수는 0.31% 오",이데일리,3시간전
https://n.news.naver.com/mnews/article/421/0008030605,[인사] 금융위원회,,◆금융위원회 ▷국장급 △기획조정관 김기한 △구조개선정책관 유영준 △디지털금융정책관 김동환 △금융정보분석원 제도운영기획관 윤영은,뉴스1,3시간전
https://n.news.naver.com/mnews/article/469/0000844802,'사상 최고' 소상공인 연체... 보증기관이 2.4조 대신 갚았다,https://mimgnews.pstatic.net/image/origin/469/2025/01/19/844802.jpg?type=nf220_150,"내수 부진, 경기 침체 여파로 은행 대출을 제때 상환하지 못해 금융 보증기관이 대신 빚을 갚아준 자영업자, 소상공인이 대폭 늘어난 것으로 나타났다. 19일 김현정 더불어민주당 의원실이 신용보증재단중앙회에서 제출받은",한국일보,3시간전
https://n.news.naver.com/mnews/article/003/0013023872,"""2차전지로 띄우더니"" 엠에프엠코리아 상폐 기로[급등주 지금은]",https://mimgnews.pstatic.net/image/origin/003/2025/01/19/13023872.jpg?type=nf220_150,1년 전 '2차 전지' 테마에 올라타 급등했던 엠에프엠코리아가 상장 폐지 기로에 섰다. 의복 제조업체로 상장 후 3년간 적자를 이어온 엠에프엠코리아는 2023년 하반기 최대주주가 MFM홀딩스에서 브이티엠인베스트먼트로,뉴시스,3시간전
https://n.news.naver.com/mnews/article/277/0005534958,"금감원, 공매도 가이드라인 최종안 발표",https://mimgnews.pstatic.net/image/origin/277/2025/01/19/5534958.jpg?type=nf220_150,금융당국이 공매도 질서 확립을 위해 규제 체계를 명확히 하고 공매도 통합 가이드라인 최종안을 마련했다고 19일 밝혔다. 금융당국은 시행세칙 개정을 통해 공매도 전산화 관련 제도 틀을 완성하고 이 제도에 맞춰 전산화를,아시아경제,3시간전
https://n.news.naver.com/mnews/article/014/0005297616,해외주식 열풍이 살렸다.. 증권사 작년 4분기 실적 화색,https://mimgnews.pstatic.net/image/origin/014/2025/01/19/5297616.jpg?type=nf220_150,지난해 하반기 국내 증시 위축에도 주요 증권사들은 4·4분기 호실적을 거둔 것으로 보인다. 국내 주식시장 부진에도 서학개미들의 해외주식 거래가 늘면서 실적 개선으로 이어졌다. 19일 금융정보업체 에프앤가이드에 따르면,파이낸셜뉴스,3시간전
https://n.news.naver.com/mnews/article/014/0005297614,"양자부터 로봇, 정치 테마주까지... 새해부터 쏟아지는 투자주의 종목",https://mimgnews.pstatic.net/image/origin/014/2025/01/19/5297614.jpg?type=nf220_150,"연초부터 투자주의 종목에 지정된 상장사가 쏟아지고 있다. 양자부터 로봇, 정치 테마주까지 각종 테마가 국내 증시를 휩쓸면서 한국거래소의 시장 경보가 쉴 새 없이 울리는 양상이다. 19일 한국거래소에 따르면 이달 2일",파이낸셜뉴스,3시간전
https://n.news.naver.com/mnews/article/014/0005297613,"AK홀딩스, 제주항공 담보 EB 조기상환청구 200억원대 넘어 [fn마켓워치]",,제주항공 주가가 사상 최저 수준으로 하락하면서 애경그룹의 유동성 리스크가 고조되고 있다. 애경그룹의 지주사에 해당하는 AK홀딩스가 제주항공을 기초자산으로 삼아 발행한 교환사채(EB) 투자자들이 조기상환청구(풋옵션 행,파이낸셜뉴스,3시간전
https://n.news.naver.com/mnews/article/015/0005084037,리테일 테크 속도내는 신세계백화점…서울대와 'AI 퍼스널 쇼퍼' 개발,https://mimgnews.pstatic.net/image/origin/015/2025/01/19/5084037.jpg?type=nf220_150,신세계백화점이 리테일 테크에 속도를 내고 있다. 소비자 개개인에게 딱 맞는 상품과 서비스를 추천하는 ‘인공지능(AI) 퍼스널 쇼퍼’를 서울대와 손잡고 개발하기로 했다. 신세계백화점은 서울대 데이터사이언스대학원과 AI,한국경제,5분전
https://n.news.naver.com/mnews/article/011/0004441571,"김현주 어나더리얼 대표 ""산업현장 CCTV에 AI 접목…중대재해 미리 막을 수 있죠""",https://mimgnews.pstatic.net/image/origin/011/2025/01/19/4441571.jpg?type=nf220_150,“영상 인공지능(AI) 기술을 활용하면 산업 현장 내 각종 위험한 상황을 포착해 사고를 방지할 수 있습니다. 가상 데이터로 학습시킨 AI가 CCTV로 실시간 현장 모니터링을 하며 작업자·기계·구조물의 위치와 동선을,서울경제,6분전
https://n.news.naver.com/mnews/article/030/0003277294,"택스테크, AI로 부가가치세 신고 서비스 고도화…개인사업자 유치전 치열",https://mimgnews.pstatic.net/image/origin/030/2025/01/19/3277294.jpg?type=nf220_150,택스테크 플랫폼이 1월 개인사업자 부가가치세 신고 기간을 맞아 서비스 고도화에 나섰다. 인공지능(AI)을 활용해 이용자 효용을 극대화하고 있다. 19일 업계에 따르면 다수 택스테크 플랫폼이 AI를 활용해 빠르게 내역,전자신문,7분전
https://n.news.naver.com/mnews/article/469/0000844835,5인 이상 기업 45% 설 연휴 6일 쉰다…주요 대기업은 '최장 9일',https://mimgnews.pstatic.net/image/origin/469/2025/01/19/844835.jpg?type=nf220_150,다가오는 설 연휴에 5인 이상 기업의 45%가량이 엿새 동안 쉬는 것으로 나타났다. 주요 대기업은 최장 아흐레 휴무를 선택한 경우도 있다. 한국경영자총협회는 전국 직원 5인 이상 602개 기업을 대상으로 설 휴무 실,한국일보,8분전
https://n.news.naver.com/mnews/article/648/0000032615,국민연금 찬성 '고려아연 집중투표제'…이젠 법원 판단에 시선집중,https://mimgnews.pstatic.net/image/origin/648/2025/01/19/32615.jpg?type=nf220_150,국민연금이 고려아연 임시주총에서 집중투표제 도입을 위한 정관 변경 안건에 찬성하면서 이제는 법원의 판단 여부에 시선이 집중되고 있다. MBK파트너스가 집중투표제 도입을 전제로 한 이사 선임을 막아달라며 낸 가처분 신,비즈워치,12분전
https://n.news.naver.com/mnews/article/031/0000902509,"LG화학 신학철, 세계경제포럼 화학∙첨단산업 협의체 의장 연임",https://mimgnews.pstatic.net/image/origin/031/2025/01/19/902509.jpg?type=nf220_150,신학철 LG화학 부회장이 다보스포럼 최초로 화학∙첨단산업 협의체(Chemical & Advanced Materials Industry Governors) 의장을 연임한다. LG화학은 오늘 20일부터 24일,아이뉴스24,14분전
https://n.news.naver.com/mnews/article/022/0004004014,오후 2~8시 사이 스벅 가야 하는 이유…‘무료 사이즈 업’ 이벤트,https://mimgnews.pstatic.net/image/origin/022/2025/01/19/4004014.jpg?type=nf220_150,"오는 20~23일 나흘간…아메리카노 등 19종 대상 스타벅스, 오는 20~23일 ‘원 더 사이즈 업’ 이벤트 진행. 스타벅스 제공 스타벅스 코리아는 특정 시간대에 음료 19종을 무료로 한 사이즈 업그레이드하는 ‘원",세계일보,16분전
https://n.news.naver.com/mnews/article/421/0008030915,"젤라또피케, 스누피와 함께한 '피너츠 컬렉션' 출시",https://mimgnews.pstatic.net/image/origin/421/2025/01/19/8030915.jpg?type=nf220_150,젤라또피케(gelato pique)는 캐릭터 스누피로 널리 알려진 피너츠(PEANUTS)와 협업 컬렉션을 출시했다고 19일 밝혔다. 젤라또피케 피너츠 컬렉션은 모든 세대에 호감도가 높은 지적재산권(IP)과의 협업으로,뉴스1,16분전
https://n.news.naver.com/mnews/article/050/0000085326,"[속보]경찰 차벽 설치, ‘尹 지지’ 행진 봉쇄",https://mimgnews.pstatic.net/image/origin/050/2025/01/19/85326.jpg?type=nf220_150,,한경비즈니스,17분전
https://n.news.naver.com/mnews/article/011/0004441567,이통사 멤버십에도 AI 도입…이용기간·세대별 맞춤 서비스,https://mimgnews.pstatic.net/image/origin/011/2025/01/19/4441567.jpg?type=nf220_150,"이동통신사들이 멤버십·부가서비스 개편에 나섰다. 개편 방향은 차별화와 효율화를 통한 고객 효능감 제고다. 무차별적으로 모든 고객에게 적용했던 서비스는 축소하는 대신 이용 기간과 세대별로 차별화된 혜택을 제공하고, 개",서울경제,21분전
https://n.news.naver.com/mnews/article/011/0004441566,'카지노 공기업' GKL이 캐릭터 만든 이유는?,https://mimgnews.pstatic.net/image/origin/011/2025/01/19/4441566.jpg?type=nf220_150,그랜드코리아레저(GKL)가 자체 캐릭터를 개발해 도입한다. 외국인 전용 카지노의 한계를 뛰어넘어 회사 인지도를 높이고 수익 창출에 활용하기 위해서다. 19일 업계에 따르면 GKL은 지난해 말 캐릭터 ‘치비언’ 개발을,서울경제,23분전
https://n.news.naver.com/mnews/article/468/0001121903,"SKT, 파트너사와 동반성장 행보…1230억 규모 대금 조기 지급",https://mimgnews.pstatic.net/image/origin/468/2025/01/19/1121903.jpg?type=nf220_150,SKB·SK스토아 등 ICT패밀리도 동참…동반성장펀드·대금지급바로 등 지속 운영 SK텔레콤이 설 명절을 맞아 비즈니스 파트너사들의 재정 부담 완화 및 내수 경제 활성화를 위해 1230억 원 규모의 거래 대급을 조기,스포츠서울,27분전
https://n.news.naver.com/mnews/article/009/0005431278,"KT, 설 앞두고 협력사에 납품대금 조기 지급",https://mimgnews.pstatic.net/image/origin/009/2025/01/19/5431278.jpg?type=nf220_150,"KT가 설 명절을 맞아 협력사들에게 1194억원의 납품대금을 현금으로 조기 지급한다고 19일 밝혔다. 그룹사인 KT커머스, KT알파도 동참했다. KT는 동반성장위원회가 선정하는 동반성장지수 평가 대상 232개 기업",매일경제,27분전
https://n.news.naver.com/mnews/article/029/0002930451,"삼성·LGD 올해 실적, 스마트폰·폼팩터 혁신에 달렸다",https://mimgnews.pstatic.net/image/origin/029/2025/01/19/2930451.jpg?type=nf220_150,"삼성디스플레이와 LG디스플레이가 유기발광다이오드(OLED) 기술력 강화를 통해 실적개선에 나선다. 삼성디스플레이는 차세대 생산시설 투자로 미래형 IT 시장 수요를 선점하고, LG디스플레이는 소형 OLED 생산능력을",디지털타임스,30분전
https://n.news.naver.com/mnews/article/468/0001121902,"쿠팡 김범석 의장, 트럼프 주니어 비공개 리셉션 참석…트럼프 2기 정부와 협력 논의",https://mimgnews.pstatic.net/image/origin/468/2025/01/19/1121902.jpg?type=nf220_150,미국 워싱턴 DC를 방문 중인 쿠팡 김범석 의장이 지난 17일(현지시간) 도널드 트럼프 미 대통령 당선인 취임식 전 비공개 리셉션에 참석해 트럼프 행정부 2기 내각의 주요 인사들과 트럼프 측 인사들을 만났다. 김 의,스포츠서울,39분전
https://n.news.naver.com/mnews/article/008/0005143143,"'서정진·존림' K-바이오 별 美 집결…""빅파마와 논의 활발, 빅딜 기대""",https://mimgnews.pstatic.net/image/origin/008/2025/01/19/5143143.jpg?type=nf220_150,서정진 셀트리온그룹 회장과 존림 삼성바이오로직스 대표 등 K-바이오를 이끄는 수장이 대거 전 세계 최고 제약·바이오 투자 행사에 참석했다. 지난 13~16일(현지시간) 미국 샌프란시스코에서 열린 JP모건 헬스케어 콘,머니투데이,39분전
https://n.news.naver.com/mnews/article/015/0005084023,한발짝 다가간 조현범의 꿈…“모터스포츠로 프리미엄 타이어 도약”,https://mimgnews.pstatic.net/image/origin/015/2025/01/19/5084023.jpg?type=nf220_150,“세계 최고 기술력을 인정받으려면 반드시 모터스포츠 시장을 뚫어야 합니다. 그래야 자동차 마니아들과 오피니언 리더들의 마음을 움직일 수 있습니다.” 2018년 3월 한국타이어 최고경영자(CEO)에 오른 조현범 한국앤,한국경제,49분전
https://n.news.naver.com/mnews/article/468/0001121899,"재계 총수들, 설 연휴 기간 사업 점검·경영 구상 몰두",https://mimgnews.pstatic.net/image/origin/468/2025/01/19/1121899.jpg?type=nf220_150,지난해 10월 경기도 용인시 에버랜드 스피드웨이에서 열린 ‘현대 N x 토요타 가주 레이싱(Hyundai N x TOYOTA GAZOO Racing) 페스티벌’에서 정의선 현대자동차그룹 회장과 이재용 삼성전자 회장이,스포츠서울,58분전
https://n.news.naver.com/mnews/article/050/0000085325,‘서부지법 난입’ 우의장 “계엄시 무장군인 국회 침탈과 다를바 없어”,https://mimgnews.pstatic.net/image/origin/050/2025/01/19/85325.jpg?type=nf220_150,우원식 국회의장은 19일 언론을 통해 ‘서부지법 난입 폭력 사태 관련 입장문’을 내놨다. 우 의장은 “밤사이 발생한 법원에 대한 공격은 대한민국 헌법과 법치주의를 정면으로 부정한 중대한 범죄 행위”라며 “12.3 비,한경비즈니스,1시간전
https://n.news.naver.com/mnews/article/008/0005143138,"""1년 후 최신 갤럭시폰 반값""…'구독'이 교체수요 살릴까",https://mimgnews.pstatic.net/image/origin/008/2025/01/19/5143138.jpg?type=nf220_150,"TV·냉장고·세탁기 등 가전제품을 넘어 스마트폰을 구독하는 시대가 열렸다. 기술 성숙과 기기값 인상으로 스마트폰 교체 주기가 2배 가까이 길어졌는데, 이에 떨어진 판매량을 메우기 위함이다. 통신사 약정이 아닌 자급제",머니투데이,1시간전
https://n.news.naver.com/mnews/article/421/0008030866,"충남테크노파크, 충남 특허출원 연평균 8.7% 성장",https://mimgnews.pstatic.net/image/origin/421/2025/01/19/8030866.jpg?type=nf220_150,충남테크노파크는 기술특허분석을 통한 충남 CCU(탄소 포집·활용·저장 기술) 산업 생태계 기반 구축을 완료했다고 19일 밝혔다. 특허출원 분석결과 충남은 전국(4.7%) 대비 약 2배인 8.7%의 높은 연평균성장률을,뉴스1,1시간전
https://n.news.naver.com/mnews/article/029/0002930442,英 배터리 스타트업도 자금난…굳어진 `한·중·일` 5강 체제,https://mimgnews.pstatic.net/image/origin/029/2025/01/19/2930442.jpg?type=nf220_150,영국의 배터리 스타트업 '나이오볼트(Nybolt)'가 자금난에 직면했다. 배터리 사업의 진입 장벽이 높은 만큼 본격적인 궤도에 올리기까지 쉽지 않음을 보여주는 사례라는 평가다. 글로벌 배터리 시장의 기존 '빅5' 체,디지털타임스,1시간전
https://n.news.naver.com/mnews/article/030/0003277272,"외국인이 먼저 찾는 여행 플랫폼은?…관광상품 경쟁력은 '클룩', 상품수는 'kkday'",https://mimgnews.pstatic.net/image/origin/030/2025/01/19/3277272.jpg?type=nf220_150,"국내 여행 콘텐츠를 담은 온라인 여행 플랫폼(OTA) 중 가격 경쟁력이 가장 높은 플랫폼으로는 클룩이, 상품 수가 가장 많은 플랫폼으로는 kkday가 꼽혔다. 17일 한국관광공사가 발간한 '외래관광객 지역관광 활성화",전자신문,1시간전
https://n.news.naver.com/mnews/article/469/0000844824,"[CarTalk]현대차, '초소형 세 발 전기차' 내놓는다...인도 향한 애정은 무한대",https://mimgnews.pstatic.net/image/origin/469/2025/01/19/844824.jpg?type=nf220_150,현대차가 인도에서 기업공개(IPO)한 후 맞춤형 공세 전략을 펴기 시작했다. 인도에서 가장 대중적으로 활용되고 있는 '마이크로모빌리티' 시장을 공략하기 위해 3륜 전기차(EV) 콘셉트를 공개하고 양산차도 생산할 예정,한국일보,1시간전
https://n.news.naver.com/mnews/article/243/0000071520,"강남 노른자 땅에서 재격돌?…삼성·현대, 재건축 대전 2라운드",https://mimgnews.pstatic.net/image/origin/243/2025/01/19/71520.jpg?type=nf220_150,한남4구역 수주를 두고 한바탕 격전을 치른 삼성물산과 현대건설이 이번에는 강남 노른자 단지인 개포주공과 잠실우성 재건축에 관심을 두는 것으로 전해졌다. 두 사업 모두 공사비가 한남4구역급 이상의 대형 사업이어서 다시,이코노미스트,1시간전
https://n.news.naver.com/mnews/article/032/0003346288,"트럼프 2기, 관세 장벽에 탄소세도 검토…국내 철강·자동차 업계 영향은",https://mimgnews.pstatic.net/image/origin/032/2025/01/19/3346288.jpg?type=nf220_150,"미국 도널드 트럼프 2기 행정부가 ‘탄소세’ 도입 가능성을 거론하면서 ‘관세 폭탄’이 가시화되고 있다. 탄소세는 제품 생산·사용 과정에서 많은 탄소를 배출하는 상품에 부과하는 세금으로 철강, 자동차 등 탄소 집약적",경향신문,1시간전
https://n.news.naver.com/mnews/article/003/0013024047,치열한 카드 게임 배틀,https://mimgnews.pstatic.net/image/origin/003/2025/01/19/13024047.jpg?type=nf220_150,19일 서울 강남구 세텍에서 열린 디지몬 카드 게임과 원피스 카드 게임 그랜드 코리아 오픈 2024 참가자들이 배틀을 펼치고 있다. 2025.01.19. photocdj@newsis.com,뉴시스,1시간전
https://n.news.naver.com/mnews/article/003/0013024046,치열한 디지몬 카드 게임 배틀,https://mimgnews.pstatic.net/image/origin/003/2025/01/19/13024046.jpg?type=nf220_150,19일 서울 강남구 세텍에서 열린 디지몬 카드 게임과 원피스 카드 게임 그랜드 코리아 오픈 2024 참가자들이 배틀을 펼치고 있다. 2025.01.19. photocdj@newsis.com,뉴시스,1시간전
https://n.news.naver.com/mnews/article/003/0013024045,디지몬 카드 게임 배틀,https://mimgnews.pstatic.net/image/origin/003/2025/01/19/13024045.jpg?type=nf220_150,19일 서울 강남구 세텍에서 열린 디지몬 카드 게임과 원피스 카드 게임 그랜드 코리아 오픈 2024 참가자들이 배틀을 펼치고 있다. 2025.01.19. photocdj@newsis.com,뉴시스,1시간전
https://n.news.naver.com/mnews/article/003/0013024044,카드 게임 그랜드 코리아 오픈 2024,https://mimgnews.pstatic.net/image/origin/003/2025/01/19/13024044.jpg?type=nf220_150,19일 서울 강남구 세텍에서 열린 디지몬 카드 게임과 원피스 카드 게임 그랜드 코리아 오픈 2024 참가자들이 배틀을 펼치고 있다. 2025.01.19. photocdj@newsis.com,뉴시스,1시간전
https://n.news.naver.com/mnews/article/003/0013024043,세텍에서 열린 카드 게임 그랜드 코리아 오픈,https://mimgnews.pstatic.net/image/origin/003/2025/01/19/13024043.jpg?type=nf220_150,19일 서울 강남구 세텍에서 열린 디지몬 카드 게임과 원피스 카드 게임 그랜드 코리아 오픈 2024 참가자들이 배틀을 펼치고 있다. 2025.01.19. photocdj@newsis.com,뉴시스,1시간전
https://n.news.naver.com/mnews/article/003/0013024042,카드 게임 그랜드 코리아 오픈 2024,https://mimgnews.pstatic.net/image/origin/003/2025/01/19/13024042.jpg?type=nf220_150,19일 서울 강남구 세텍에서 열린 디지몬 카드 게임과 원피스 카드 게임 그랜드 코리아 오픈 2024 참가자들이 배틀을 펼치고 있다. 2025.01.19. photocdj@newsis.com,뉴시스,1시간전
https://n.news.naver.com/mnews/article/003/0013024041,치열한 배틀,https://mimgnews.pstatic.net/image/origin/003/2025/01/19/13024041.jpg?type=nf220_150,19일 서울 강남구 세텍에서 열린 디지몬 카드 게임과 원피스 카드 게임 그랜드 코리아 오픈 2024 참가자들이 배틀을 펼치고 있다. 2025.01.19. photocdj@newsis.com,뉴시스,1시간전
https://n.news.naver.com/mnews/article/003/0013024040,그랜드 코리아 오픈 2024 참가자들의 배틀,https://mimgnews.pstatic.net/image/origin/003/2025/01/19/13024040.jpg?type=nf220_150,19일 서울 강남구 세텍에서 열린 디지몬 카드 게임과 원피스 카드 게임 그랜드 코리아 오픈 2024 참가자들이 배틀을 펼치고 있다. 2025.01.19. photocdj@newsis.com,뉴시스,1시간전
https://n.news.naver.com/mnews/article/014/0005297669,"강경성 코트라 사장, 윤리경영 강화",https://mimgnews.pstatic.net/image/origin/014/2025/01/19/5297669.jpg?type=nf220_150,"코트라는 최근 국내외 임직원 300명이 참석한 가운데 윤리·청렴 실천 다짐식을 개최했다고 19일 밝혔다. 또한 인권윤리경영위원회를 개최해 외부 자문위원과 함께 윤리경영을 점검했으며, 윤리경영의 핵심가치도 '공공청렴'",파이낸셜뉴스,1시간전
https://n.news.naver.com/mnews/article/468/0001121893,AX 실무인재 양성 ‘KT 에이블스쿨’ 7기 모집…수료 후 KT 채용 우대,https://mimgnews.pstatic.net/image/origin/468/2025/01/19/1121893.jpg?type=nf220_150,전국 어디서나 참여 가능…기업 일자리 연계 에이블스쿨 7기 모집 요강 및 교육 커리큘럼 등 상세한 내용은 KT 에이블스쿨 홈페이지에서 확인할 수 있다. 사진 | KT KT가 청년 디지털 인재 양성 프로그램 ‘KT 에,스포츠서울,1시간전
https://n.news.naver.com/mnews/article/015/0005084043,"스마트홈 강자 현대에이치티…""베트남·印尼 등 해외 공략""",https://mimgnews.pstatic.net/image/origin/015/2025/01/19/5084043.jpg?type=nf220_150,"스마트홈은 주거 공간의 냉·난방, 조명, CCTV 기기를 인공지능(AI)과 사물인터넷(IoT)으로 연결해 원스톱으로 제어하는 체계를 구현한 기술이다. 월패드, 도어폰 등 여러 고객에게 맞춤화한 인터페이스와 서비스를",한국경제,1분전
https://n.news.naver.com/mnews/article/015/0005084040,"케이블보호장치 1위 씨피시스템 ""2030년 매출 2배로""",https://mimgnews.pstatic.net/image/origin/015/2025/01/19/5084040.jpg?type=nf220_150,"케이블을 감싸는 플라스틱 보호장치는 생산 설비의 필수 부품 중 하나다. 외부 충격과 압력, 열로부터 케이블을 보호해 전체 설비를 안정적으로 운영하도록 돕는다. 코스닥시장 상장사 씨피시스템은 국내 케이블 보호장치 시장",한국경제,2분전
https://n.news.naver.com/mnews/article/011/0004441572,"중기 34% ""설자금 사정, 작년보다 어려워""",https://mimgnews.pstatic.net/image/origin/011/2025/01/19/4441572.jpg?type=nf220_150,중소기업 10개 가운데 3개 이상이 명절 관련 임금과 원자재 대금 등 ‘설 자금’ 사정이 지난해보다 어렵다고 응답했다. 중소기업중앙회는 800개 중소기업을 대상으로 1월 6일부터 14일까지 설 자금 수요조사를 실시한,서울경제,5분전
https://n.news.naver.com/mnews/article/011/0004441571,"김현주 어나더리얼 대표 ""산업현장 CCTV에 AI 접목…중대재해 미리 막을 수 있죠""",https://mimgnews.pstatic.net/image/origin/011/2025/01/19/4441571.jpg?type=nf220_150,“영상 인공지능(AI) 기술을 활용하면 산업 현장 내 각종 위험한 상황을 포착해 사고를 방지할 수 있습니다. 가상 데이터로 학습시킨 AI가 CCTV로 실시간 현장 모니터링을 하며 작업자·기계·구조물의 위치와 동선을,서울경제,6분전
https://n.news.naver.com/mnews/article/011/0004441570,"""트럼프 2기 수혜""…K드론, 수출 효자로 뜬다",https://mimgnews.pstatic.net/image/origin/011/2025/01/19/4441570.jpg?type=nf220_150,‘트럼프 2.0시대’를 맞아 드론이 중소기업계의 새로운 수출 효자로 자리매김할 것이라는 기대감이 커지고 있다. 미국에서 중국산 드론에 대한 제재 움직임이 강화되면서 한국산 드론이 대안으로 떠올랐기 때문이다. 다만 국,서울경제,7분전
https://n.news.naver.com/mnews/article/030/0003277284,디지털 온누리상품권 보름간 '블랙아웃'…소비자 불편 불가피,https://mimgnews.pstatic.net/image/origin/030/2025/01/19/3277284.jpg?type=nf220_150,"디지털(앱형·카드형) 온누리상품권 운영기관 변경에 따라 2월 중순부터 약 2주간 결제, 충전, 조회 등 모든 기능이 중단되는 '블랙아웃'이 예고됐다. 중소벤처기업부는 서비스 중단 기간을 단축하기 위해 노력하겠다고 밝",전자신문,1시간전
https://n.news.naver.com/mnews/article/014/0005297671,"아도아 이세희 대표 ""영상 프로덕션, 트렌드 기획으로 승부...숏폼 도전한다"" [중기·벤처 'Why Pick']",https://mimgnews.pstatic.net/image/origin/014/2025/01/19/5297671.jpg?type=nf220_150,"""아도아의 경쟁력은 고객사와의 충분한 소통을 통해 트렌디하면서도 니즈에 맞는 영상을 제공한다는 데 있다. 다양한 예술가들이 자생할 수 있는 터를 만들 계획이다."" 아도아가 숏폼 콘텐츠 시대에 주목받고 있다. 특히 영",파이낸셜뉴스,1시간전
https://n.news.naver.com/mnews/article/008/0005143132,총성 없는 AI 개발 전쟁…글로벌 빅테크와 손잡는 K-스타트업,https://mimgnews.pstatic.net/image/origin/008/2025/01/19/5143132.jpg?type=nf220_150,혁신은 잔잔한 물결처럼 다가오다가 어느 순간 거대한 너울로 변해 세상을 뒤덮습니다. 경제·사회 패러다임의 변화를 대표하는 핵심 키워드를 발굴하고 관련 기술과 서비스를 분석해 미래 산업을 조망합니다. 2090억달러(약,머니투데이,1시간전
https://n.news.naver.com/mnews/article/009/0005431205,"임시공휴일 지정해도 못 쉰다…中企, “10곳 중 6곳은 27일에 근무”",https://mimgnews.pstatic.net/image/origin/009/2025/01/19/5431205.jpg?type=nf220_150,응답기업 33% “작년 설 보다 자금사정 곤란” 설 상여금도 작년보다 20만원 가량 줄어 설 연휴를 앞둔 27일이 임시공휴일로 지정됐지만 절반 넘는 중소기업은 평소처럼 근무하는 것으로 조사됐다. 중소기업 10곳 중,매일경제,1시간전
https://n.news.naver.com/mnews/article/008/0005143117,코웨이 '트리플체어' 리클라이너' 몰입·휴식·회복' 한꺼번에 잡는다,https://mimgnews.pstatic.net/image/origin/008/2025/01/19/5143117.jpg?type=nf220_150,코웨이가 신제품 '비렉스(BEREX) 트리플체어'를 앞세워 리클라이너 안마의자 시장에 승부수를 던졌다. 몰입·휴식·회복의 3가지 기능을 갖춘 다기능 체어로 가정용·사무용 시장 확대에 나선다는 전략이다. 19일 코웨이,머니투데이,2시간전
https://n.news.naver.com/mnews/article/014/0005297638,"""2022 개정 교육과정...콘텐츠 강화로 준비 完""",https://mimgnews.pstatic.net/image/origin/014/2025/01/19/5297638.jpg?type=nf220_150,"올해부터 초등학교에선 3~4학년을 대상으로 지난 2022년 개정된 교육과정이 적용된다. 주요 특징은 '삶과 연계한 수업'으로, 공부가 단순 학습에 그치는 것이 아니라 이를 일상생활에서 활용하며 가치와 태도를 기르도록",파이낸셜뉴스,2시간전
https://n.news.naver.com/mnews/article/014/0005297628,"""임시 공휴일 지정됐지만..""중기 10곳 중 6곳 ""남의 일""",,중소기업 10곳 중 6곳이 27일 설 임시공휴일에 일할 예정으로 알려졌다. 또한 임시공휴일 실시계획이 없는 중소기업의 99.2%는 설연휴 이외의 휴무계획이 없는 것으로 조사됐다. 19일 중소기업중앙회가 800개 중소,파이낸셜뉴스,2시간전
https://n.news.naver.com/mnews/article/366/0001048254,"“중소기업 10곳 중 3곳, 작년 설에 비해 자금 곤란”",https://mimgnews.pstatic.net/image/origin/366/2025/01/19/1048254.jpg?type=nf220_150,"판매 부진과 원자재 가격, 인건비 상승 원인 10곳 중 6곳, 임시공휴일에 ‘휴무 계획 없어’ 중소기업 10곳 중 3곳의 자금 사정이 지난 2024년 설보다 올해 더 악화한 것으로 나타났다. 자금 사정 악화 원인으로",조선비즈,3시간전
https://n.news.naver.com/mnews/article/008/0005143096,"""수도권 창업 인프라, 전국으로 연결""…강남에 뜬 '공룡 양성소'",https://mimgnews.pstatic.net/image/origin/008/2025/01/19/5143096.jpg?type=nf220_150,"""서울과 수도권에 편중된 창업 인프라를 전국의 우수한 스타트업들과 공유하는 허브로서 우리금융그룹 혁신 네트워크 확장 전략의 핵심 거점이 될 것이다."" 우리금융그룹이 운영하는 스타트업 액셀러레이팅 프로그램 '디노랩(D",머니투데이,3시간전
https://n.news.naver.com/mnews/article/014/0005297612,"중기부 ""2025년 산학연 협력 R&D, 451억 신규 지원""",https://mimgnews.pstatic.net/image/origin/014/2025/01/19/5297612.jpg?type=nf220_150,"중소벤처기업부가 올해 '컨소시엄형 과제' 1단계 예비연구에 100억원을 지원한다. 기존의 일반형 과제에 대해서도 1단계 예비연구, 2단계 사업화 연구·개발(R&D)에 351억원을 지원할 방침이다. 중기부는 20일 이",파이낸셜뉴스,3시간전
https://n.news.naver.com/mnews/article/014/0005297610,"아모지, 5600만弗...잇그린·210컴퍼니 시리즈A 투자 유치 등[주간VC동향]",,"암모니아 기반 무탄소 발전 시스템 제공 스타트업 아모지, 다회용기 서비스 스타트업 잇그린과 패션전문기업 210컴퍼니가 투자 유치에 성공했다. 19일 벤처캐피탈(VC) 업계에 따르면 아모지는 5600만달러(약 816억",파이낸셜뉴스,4시간전
https://n.news.naver.com/mnews/article/018/0005927781,"중기부, 산학연 협력 R&D에 451억 지원…컨소시엄형 과제 신설",https://mimgnews.pstatic.net/image/origin/018/2025/01/19/5927781.jpg?type=nf220_150,중소벤처기업부가 올해 산학연 협력 연구개발(R&D)에 451억원을 신규 지원한다. 올해부터는 일반형 과제 외에 컨소시엄형 과제를 추가 도입해 국가전략기술분야와 레전드50플러스(+) 등의 지역전략분야를 집중 육성한다는,이데일리,5시간전
https://n.news.naver.com/mnews/article/030/0003277239,"中企 유해화학물질 취급시설 개선비용 70%, 최대 4200만원 지원",https://mimgnews.pstatic.net/image/origin/030/2025/01/19/3277239.jpg?type=nf220_150,환경부와 한국환경공단은 노후화된 유해화학물질 취급시설 개선을 위한 '화학안전 사업장 조성 지원사업' 신청을 20일부터 다음달 28일까지 받는다고 밝혔다. 화학안전 사업장 조성 지원사업은 중소기업을 대상으로 유해화학물,전자신문,5시간전
https://n.news.naver.com/mnews/article/030/0003277229,"중기부, '2025년도 산학연 Collabo R&D 시행계획' 공고",https://mimgnews.pstatic.net/image/origin/030/2025/01/19/3277229.jpg?type=nf220_150,중소벤처기업부는 '2025년도 산학연 Collabo R&D 시행계획'을 공고한다고 19일 밝혔다. 산학연 Collabo R&D는 2018년도에 예비타당성 조사를 통과해 2019년부터 2028년까지 10년간 총사업비,전자신문,5시간전
https://n.news.naver.com/mnews/article/030/0003277228,中企 90% “올해 설 자금사정 어렵다…상여급 30% 축소”,https://mimgnews.pstatic.net/image/origin/030/2025/01/19/3277228.jpg?type=nf220_150,중소기업 10곳 중 9곳이 지난해 대비 올해 설 자금사정이 어려운 것으로 나타났다. 상여급은 지난해 대비 30% 수준 감소했다. 19일 중소기업중앙회는 이 같은 내용을 담은 '2025년 중소기업 설 자금 수요조사',전자신문,5시간전
https://n.news.naver.com/mnews/article/018/0005927778,대상·CJ제일제당 등 설 명절 맞이 김치할인판매,https://mimgnews.pstatic.net/image/origin/018/2025/01/19/5927778.jpg?type=nf220_150,"대한민국김치협회는 24개 회원사가 설 명절을 맞아 최대 50% 수준의 김치 할인판매를 실시한다고 19일 밝혔다. 협회측은 “최근 배추가격은 재배면적 감소, 작황부진, 기상여건 등으로 전·평년 대비 2배 이상 높은 가",이데일리,5시간전
https://n.news.naver.com/mnews/article/014/0005297575,"중소기업 10곳 중 3곳 ""설 앞두고 자금난 겪어""",https://mimgnews.pstatic.net/image/origin/014/2025/01/19/5297575.jpg?type=nf220_150,중소기업 10곳 중 3곳은 설 연휴를 앞두고 자금난을 겪는 것으로 나타났다. 중소기업중앙회는 전국 800개 중소기업을 대상으로 '2025년 중소기업 설 자금 수요조사'를 실시했다고 19일 밝혔다. 조사 결과 지난해,파이낸셜뉴스,5시간전
https://n.news.naver.com/mnews/article/018/0005927776,중기 3곳 중 1곳 “설 자금 곤란”…평균 2천만원 부족,https://mimgnews.pstatic.net/image/origin/018/2025/01/19/5927776.jpg?type=nf220_150,중소기업 세 곳 중 한 곳은 설 명절 대비 자금사정이 곤란한 것으로 나타났다. 이는 자금사정이 원활한 곳의 3배에 이르는 수치로 평균 1920만원이 부족하다고 답했다. 특히 정부가 오는 27일을 임시공휴일로 지정했지,이데일리,5시간전
https://n.news.naver.com/mnews/article/119/0002915293,"중소기업 ""올 설 자금 평균 1920만원 부족…상여금 지급 49.8%""",https://mimgnews.pstatic.net/image/origin/119/2025/01/19/2915293.jpg?type=nf220_150,"중소기업 3곳 중 한곳 이상은 올해 설 수요 자금 마련에 어려움을 겪고 있는 것으로 나타났다. 평균 필요 자금은 2억2940만원이었으며, 평균 부족자금은 1920만원으로 집계됐다. 중소기업중앙회는 지난 6일부터 14",데일리안,5시간전
https://n.news.naver.com/mnews/article/001/0015167748,"중기부, 산학연 협력 R&D에 451억원 지원…시행계획 공고",https://mimgnews.pstatic.net/image/origin/001/2025/01/19/15167748.jpg?type=nf220_150,중소벤처기업부는 오는 20일 '2025년도 산학연 콜라보(Collabo·협력) 연구개발(R&D) 시행계획'을 공고한다고 19일 밝혔다. 이번에 공고되는 시행계획은 컨소시엄형 과제이며 일반형 과제의 시행계획은 오는 2,연합뉴스,5시간전
https://n.news.naver.com/mnews/article/001/0015167747,"""중소기업 10곳 중 3곳 작년 설 비해 자금 곤란…판매 부진 탓""",https://mimgnews.pstatic.net/image/origin/001/2025/01/19/15167747.jpg?type=nf220_150,"중기중앙회, 설 자금 조사…""응답기업 60% 임시 공휴일에 안 쉬어"" 중소기업 10곳 중 3곳은 작년 설에 비해 올해 설에 자금 사정이 곤란한 것으로 조사됐다. 중소기업중앙회는 800개 중소기업을 대상으로 설 자금",연합뉴스,5시간전
https://n.news.naver.com/mnews/article/277/0005534927,"중기부, 올해 산학연 협력 R&D 451억원 신규 지원",https://mimgnews.pstatic.net/image/origin/277/2025/01/19/5534927.jpg?type=nf220_150,중소벤처기업부는 ‘2025년도 산학연 콜라보(Collabo) R&D 시행계획’을 공고한다고 밝혔다. 산학연 콜라보 R&D는 2018년도에 예비타당성 조사를 통과해 2019년부터 2028년까지 10년간 총사업비 377,아시아경제,5시간전
https://n.news.naver.com/mnews/article/277/0005534926,중소기업 절반 '설 상여금 준다'…인당 평균 42만원,https://mimgnews.pstatic.net/image/origin/277/2025/01/19/5534926.jpg?type=nf220_150,중소기업 절반 정도가 이번 설 상여금을 지급할 계획인 것으로 나타났다. 중소기업중앙회는 지난 6~14일 중소기업 800개 사를 대상으로 진행한 ‘2025년 중소기업 설 자금 수요조사’ 결과를 19일 발표했다. 설 상,아시아경제,5시간전
https://n.news.naver.com/mnews/article/421/0008030392,산·학·연 협력 R&D에 451억원 투입…컨소시엄형 과제 신설,https://mimgnews.pstatic.net/image/origin/421/2025/01/19/8030392.jpg?type=nf220_150,중소벤처기업부가 올해 산·학·연 협력 연구·개발(R&D) 사업에 451억 원을 투입한다. 중기부는 이런 내용을 담은 '2025년도 산학연 Collabo R&D 시행계획'을 20일 밝혔다. 산학연 Collabo R,뉴스1,5시간전
https://n.news.naver.com/mnews/article/421/0008030385,"중소기업 10곳 중 5곳 '설 상여금' 못 준다…""60% 임시공휴일 안 쉬어""",https://mimgnews.pstatic.net/image/origin/421/2025/01/19/8030385.jpg?type=nf220_150,중소기업 10곳 중 3곳은 판매 부진 등의 영향으로 지난해 설 대비 올해 설 자금 사정이 악화한 것으로 나타났다. 상당수의 중소기업들은 임시공휴일로 지정된 오는 27일에도 휴무를 실시하지 못할 전망이다. 19일 중소,뉴스1,5시간전
https://n.news.naver.com/mnews/article/003/0013023693,"중기 3곳중 1곳은 ""설 자금 곤란"" …평균 1920만원 부족",https://mimgnews.pstatic.net/image/origin/003/2025/01/19/13023693.jpg?type=nf220_150,설 명절을 앞두고 중소기업 10곳 중 3곳은 최근 자금사정이 작년 대비 곤란한 것으로 나타났다. 평균 1920만원이 부족한 것으로 조사됐다. 19일 중소기업중앙회(중기중앙회)가 800개 중소기업을 대상으로 '2025,뉴시스,5시간전
https://n.news.naver.com/mnews/article/003/0013023689,"중기부, '산학연 협력 R&D' 신규지원…올 451억원 투입",https://mimgnews.pstatic.net/image/origin/003/2025/01/19/13023689.jpg?type=nf220_150,"중소벤처기업부(중기부)는 올해 산학연 협력 R&D에 총 451억원을 신규지원하고, 오는 20일 시행계획을 공고한다고 19일 밝혔다. 산학연 협력 R&D는 2019년부터 2028년까지 10년간 총 사업비 3770억원(",뉴시스,5시간전
https://n.news.naver.com/mnews/article/003/0013023686,"김치협회 24개 회원사, 설명절 김치할인전…""최대 50%""",https://mimgnews.pstatic.net/image/origin/003/2025/01/19/13023686.jpg?type=nf220_150,"대한민국김치협회 24개 회원사가 설명절을 맞이해 각 회원사 자율적으로 최대 50% 수준의 김치 할인 판매를 실시한다. 19일 중소기업중앙회에 따르면 이번 행사에 참여하는 김치협회 회원사는 대상, CJ, 풀무원, 사계",뉴시스,5시간전
https://n.news.naver.com/mnews/article/015/0005083955,"스마트홈 강자 현대HT…""B2C사업·해외 진출 본격화할 것"" [원종환의 中企줌인]",https://mimgnews.pstatic.net/image/origin/015/2025/01/19/5083955.jpg?type=nf220_150,"스마트홈은 주거 공간의 기기들을 인공지능(AI)와 사물인터넷(IoT)으로 연결해 냉·난방, 조명, CCTV 등을 원스톱으로 제어하는 체계를 구현하는 기술이다. 월패드, 도어폰 등 기기에 여러 고객에 맞춤화한 인터페이",한국경제,6시간전
https://n.news.naver.com/mnews/article/001/0015167614,"산업부, 올해 중견기업 R&D 534억원 지원…31개 신규과제 선정",https://mimgnews.pstatic.net/image/origin/001/2025/01/19/15167614.jpg?type=nf220_150,"산업통상자원부는 올해 중견기업 전용 연구개발(R&D)에 총 534억원을 지원한다고 19일 밝혔다. 이는 지난해(350억원)보다 약 53% 증액된 것으로, 산업부는 올해 5개 사업에서 31개 신규 과제를 선정할 계획이",연합뉴스,6시간전
https://n.news.naver.com/mnews/article/008/0005143027,1년만에 매출 0원→130억…마케팅 전문가가 에듀테크 꽂힌 이유,https://mimgnews.pstatic.net/image/origin/008/2025/01/19/5143027.jpg?type=nf220_150,흔히 '마케팅의 꽃'은 소비재 마케팅이라고 한다. 일반 소비자의 구매 결정 과정은 짧고 때로는 충동적이기 때문에 마케팅을 통해 소비자의 마음을 사로잡고 빠른 구매로 이끄는 것이 중요하다. 마케팅을 어떻게 하느냐가 제,머니투데이,6시간전
https://n.news.naver.com/mnews/article/005/0001752634,‘강북 노른자 재개발’ 삼성물산 품에… “한강조망권 100%·공사중단無” 주효,https://mimgnews.pstatic.net/image/origin/005/2025/01/19/1752634.jpg?type=nf220_150,"‘강북 최대어’ 한남4구역 재개발 시공권이 삼성물산 품에 안겼다. 국내 시공능력 ‘투톱’의 맞대결에서 삼성물산이 압승하며 1위의 자존심을 지켰다. 조합원 100% 한강조망권 보장, 무(無) 공사중단 등 신뢰감과 브랜",국민일보,5분전
https://n.news.naver.com/mnews/article/028/0002727383,"한남4구역 재개발, 삼성물산 품으로…‘입주 4년 뒤 분담금’ 먹혔다",https://mimgnews.pstatic.net/image/origin/028/2025/01/19/2727383.jpg?type=nf220_150,‘단군 이래 최대 재개발 사업’으로 불리는 용산구 한남뉴타운의 노른자위 구역인 한남4구역의 시공권이 삼성물산 건설부문에 돌아갔다. 시공능력평가 1·2위인 삼성물산과 현대건설의 맞대결 속에 파격적인 사업 제안이 잇따라,한겨레,13분전
https://n.news.naver.com/mnews/article/009/0005431271,세종시 3년 만에 신축 … 전국 2255가구 분양,https://mimgnews.pstatic.net/image/origin/009/2025/01/19/5431271.jpg?type=nf220_150,'양우내안애 아스펜' 698가구 전주선 '더샵 라비온드' 청약 19일 부동산전문 리서치 업체 리얼투데이에 따르면 20~24일 전국 4곳에서 총 2255가구가 청약을 접수한다. 분양 물량의 대부분이 지방에 몰려 있다.,매일경제,38분전
https://n.news.naver.com/mnews/article/009/0005431270,'올파포' 입주장 끝나니 … 강남 전셋값 반등,https://mimgnews.pstatic.net/image/origin/009/2025/01/19/5431270.jpg?type=nf220_150,송파 하락세 멈추고 소폭 올라 잠실 엘스·헬리오 5천만원↑ 최대물량 올파포도 1억 상승 봄 이사철 앞두고 수요 늘어 단군 이래 최대 재건축 단지로 꼽히는 서울 강동구 올림픽파크포레온(둔촌주공 재건축) 입주가 한 달여,매일경제,38분전
https://n.news.naver.com/mnews/article/009/0005431269,공사중단된 방화6구역도 삼성물산과 새 출발하나,,HDC현산과 공사비 갈등 계약해지후 수의계약 전환 서울 강서구 방화6구역 재건축이 수의계약을 통해 새로운 시공사를 찾고 사업 재추진에 나선다. 앞서 HDC현대산업개발과 도급계약을 맺고 이주·철거까지 마쳤던 방화6구역,매일경제,39분전
https://n.news.naver.com/mnews/article/009/0005431268,1.6조 한남4구역 품고 래미안 화려한 귀환,https://mimgnews.pstatic.net/image/origin/009/2025/01/19/5431268.jpg?type=nf220_150,한때 정비사업 꺼렸던 삼성 2300가구 재개발 대어 수주 '래미안 글로우힐즈'로 시공 노른자땅 개포 6·7단지이어 최고 부촌 압구정 2·3구역 등 재건축 강자 자리매김 시동 건설업계 1위와 2위의 경쟁으로 관심을 모,매일경제,39분전
https://n.news.naver.com/mnews/article/018/0005927892,"1기 신도시 기반시설, 공공기여금 담보로 '제 때' 짓는다",https://mimgnews.pstatic.net/image/origin/018/2025/01/19/5927892.jpg?type=nf220_150,"1기 신도시 재건축의 상하수도, 광역도로, 환승센터 등 기반시설은 ‘공공기여금 유동화’를 활용해 확충될 전망이다. 재건축 조합이 지방자치단체에 납부할 공공기여금을 담보로 금융권에서 미리 자금을 조달받아 기반시설을 확",이데일리,43분전
https://n.news.naver.com/mnews/article/648/0000032614,"[인사이드 스토리]'얼죽신'인데 서울 미분양? ""가격이…""",https://mimgnews.pstatic.net/image/origin/648/2025/01/19/32614.jpg?type=nf220_150,"'얼죽신(얼어 죽어도 신축)', '서울 청약 불패'라는 말이 한풀 꺾이는 모양새입니다. 지난해 서울 지역 청약은 수백 대 1의 경쟁률을 보였지만요. 부동산 경기 침체, 정국 불안으로 매수 관망세가 짙어지면서 당첨자들",비즈워치,53분전
https://n.news.naver.com/mnews/article/025/0003415742,업계 1·2위 자존심 대결...삼성이 1.6조 한남4구역 잡았다,https://mimgnews.pstatic.net/image/origin/025/2025/01/19/3415742.jpg?type=nf220_150,건설업계 1위(2024년 시공능력평가 기준)인 삼성물산이 18일 한남4구역 재개발사업 수주전에서 현대건설(2위)을 꺾고 시공권을 확보에 성공했다. 19일 건설업계에 따르면 전날 오후 서울 이태원교회에서 열린 한남4구,중앙일보,1시간전
https://n.news.naver.com/mnews/article/243/0000071520,"강남 노른자 땅에서 재격돌?…삼성·현대, 재건축 대전 2라운드",https://mimgnews.pstatic.net/image/origin/243/2025/01/19/71520.jpg?type=nf220_150,한남4구역 수주를 두고 한바탕 격전을 치른 삼성물산과 현대건설이 이번에는 강남 노른자 단지인 개포주공과 잠실우성 재건축에 관심을 두는 것으로 전해졌다. 두 사업 모두 공사비가 한남4구역급 이상의 대형 사업이어서 다시,이코노미스트,1시간전
https://n.news.naver.com/mnews/article/020/0003610845,"서울 아파트값, 정부 공식 통계서 9개월 만에 하락했다",https://mimgnews.pstatic.net/image/origin/020/2025/01/19/3610845.jpg?type=nf220_150,서울 아파트값이 지난해 3월 이후 9개월여 만에 하락한 것으로 나타났다. 하락 폭은 매우 미세하지만 대출 규제와 탄핵 정국 여파로 거래가 끊기면서 정부의 공식 집값 통계에서 서울 집값이 내린 것이다. 다만 전문가들은,동아일보,1시간전
https://n.news.naver.com/mnews/article/422/0000706770,'한남4 격전' 끝낸 삼성·현대…강남에서 '2차 대전' 벌어질까,https://mimgnews.pstatic.net/image/origin/422/2025/01/19/706770.jpg?type=nf220_150,한남4구역 수주를 두고 격전을 치른 삼성물산과 현대건설이 이번에는 '강남 노른자' 단지인 개포주공 재건축에 관심을 두는 것으로 전해졌습니다. 공사비가 한남4구역급의 대형 사업이어서 다시 한번 수주를 둘러싸고 업계 1,연합뉴스TV,1시간전
https://n.news.naver.com/mnews/article/011/0004441553,"삼성물산, 한남4구역 시공사 선정",https://mimgnews.pstatic.net/image/origin/011/2025/01/19/4441553.jpg?type=nf220_150,삼성물산이 서울 강북권 최대 재개발 사업으로 꼽히는 한남4구역 수주전에서 현대건설을 제치고 시공권을 확보했다. 19일 정비업계에 따르면 한남4구역 재개발조합은 18일 총회를 열고 이같이 결정했다. 이날 투표에는 조합,서울경제,1시간전
https://n.news.naver.com/mnews/article/001/0015168168,"'한남4 격전' 끝낸 삼성·현대, 강남에서 '2차 대전' 맞붙나",https://mimgnews.pstatic.net/image/origin/001/2025/01/19/15168168.jpg?type=nf220_150,"'노른자' 개포주공, 잠실우성 재건축, 3월 중 시공사 입찰 마감 공사비 1.6조원 안팎 대규모 사업…GS 등 다른 대형건설사도 '눈독' 한남4구역 수주를 두고 한바탕 격전을 치른 삼성물산과 현대건설이 이번에는 강남",연합뉴스,1시간전
https://n.news.naver.com/mnews/article/029/0002930426,"‘평당 공사비 1000만원 육박’ 반포 삼호가든 5차, 국내 대형 건설사 9곳 몰렸다",https://mimgnews.pstatic.net/image/origin/029/2025/01/19/2930426.jpg?type=nf220_150,3.3㎡(평)당 1000만원에 육박하는 공사비를 제안한 서울시 서초구 반포 '삼호가든 5차' 재건축 사업에 국내 대형 건설사 9곳이 몰렸다. 반포동 30-1 일원 대지면적 1만3691㎡에 지하 3층~지상 35층 아파,디지털타임스,1시간전
https://n.news.naver.com/mnews/article/243/0000071517,고려아연 주총 전운…집중투표제 도입 갈등 ‘국민연금 vs 글로벌 펀드’ [이슈+],https://mimgnews.pstatic.net/image/origin/243/2025/01/19/71517.jpg?type=nf220_150,오는 23일 열릴 고려아연 임시 주주총회를 앞두고 집중투표제 도입을 둘러싼 갈등이 최고조에 이르고 있다. 국민연금을 비롯한 주요 국내외 기관들의 표결 참여와 가처분 소송 결과가 이번 사안의 핵심 변수로 작용할 전망이,이코노미스트,2시간전
https://n.news.naver.com/mnews/article/215/0001195759,버티던 서울도 결국…'하락 국면' 진입,https://mimgnews.pstatic.net/image/origin/215/2025/01/19/1195759.jpg?type=nf220_150,서울 아파트값이 정부 통계상으로 보합세를 유지하고 있으나 세부적으로 미세하나마 하락 전환한 것으로 나타났다. 19일 업계에 따르면 한국부동산원이 최근 발표한 '1월 둘째주(13일 기준) 전국 주간 아파트가격 동향'에,한국경제TV,2시간전
https://n.news.naver.com/mnews/article/009/0005431203,배우 이영애 한남동 건물 12년 만에 ‘껑충’...시세차익 25억 기대,https://mimgnews.pstatic.net/image/origin/009/2025/01/19/5431203.jpg?type=nf220_150,배우 이영애씨가 약 12년 전에 구입한 서울 용산구 한남동 소재 건물이 현 기준 약 25억원의 시세차익이 가능하다는 분석이 나왔다. 19일 뉴스1에 따르면 이영애는 지난 2012년 8월 서울 용산구 한남동 꼼데가르송,매일경제,2시간전
https://n.news.naver.com/mnews/article/001/0015168117,한남4구역 시공사로 '삼성물산' 선정…한남 진출 성공,https://mimgnews.pstatic.net/image/origin/001/2025/01/19/15168117.jpg?type=nf220_150,서울 용산구 한남4구역의 재개발 공사를 수주하는 시공사로 삼성물산 건설부문이 선출됐다. 서울 용산구 보광동 360번지 일대 16만여㎡를 재개발하는 사업인 한남4구역은 조합이 제시한 사업비가 약 1조6천억원에 육박할,연합뉴스,2시간전
https://n.news.naver.com/mnews/article/001/0015168090,한남4구역 시공사로 '삼성물산' 선정…한남 진출 성공,https://mimgnews.pstatic.net/image/origin/001/2025/01/19/15168090.jpg?type=nf220_150,서울 용산구 한남4구역의 재개발 공사를 수주하는 시공사로 삼성물산 건설부문이 선출됐다. 서울 용산구 보광동 360번지 일대 16만여㎡를 재개발하는 사업인 한남4구역은 조합이 제시한 사업비가 약 1조6천억원에 육박할,연합뉴스,2시간전
https://n.news.naver.com/mnews/article/001/0015168089,한남4구역 시공사로 '삼성물산' 선정…한남 진출 성공,https://mimgnews.pstatic.net/image/origin/001/2025/01/19/15168089.jpg?type=nf220_150,서울 용산구 한남4구역의 재개발 공사를 수주하는 시공사로 삼성물산 건설부문이 선출됐다. 서울 용산구 보광동 360번지 일대 16만여㎡를 재개발하는 사업인 한남4구역은 조합이 제시한 사업비가 약 1조6천억원에 육박할,연합뉴스,2시간전
https://n.news.naver.com/mnews/article/001/0015168079,한남4구역 시공사로 '삼성물산' 선정…한남 진출 성공,https://mimgnews.pstatic.net/image/origin/001/2025/01/19/15168079.jpg?type=nf220_150,서울 용산구 한남4구역의 재개발 공사를 수주하는 시공사로 삼성물산 건설부문이 선출됐다. 서울 용산구 보광동 360번지 일대 16만여㎡를 재개발하는 사업인 한남4구역은 조합이 제시한 사업비가 약 1조6천억원에 육박할,연합뉴스,2시간전
https://n.news.naver.com/mnews/article/001/0015168073,한남4구역 시공사로 '삼성물산' 선정…한남 진출 성공,https://mimgnews.pstatic.net/image/origin/001/2025/01/19/15168073.jpg?type=nf220_150,서울 용산구 한남4구역의 재개발 공사를 수주하는 시공사로 삼성물산 건설부문이 선출됐다. 서울 용산구 보광동 360번지 일대 16만여㎡를 재개발하는 사업인 한남4구역은 조합이 제시한 사업비가 약 1조6천억원에 육박할,연합뉴스,2시간전
https://n.news.naver.com/mnews/article/001/0015168072,한남4구역 시공사로 '삼성물산' 선정…한남 진출 성공,https://mimgnews.pstatic.net/image/origin/001/2025/01/19/15168072.jpg?type=nf220_150,서울 용산구 한남4구역의 재개발 공사를 수주하는 시공사로 삼성물산 건설부문이 선출됐다. 서울 용산구 보광동 360번지 일대 16만여㎡를 재개발하는 사업인 한남4구역은 조합이 제시한 사업비가 약 1조6천억원에 육박할,연합뉴스,2시간전
https://n.news.naver.com/mnews/article/014/0005297643,"""나를 따르라"" 목동6단지, 추진위 건너 뛴 조합설립 시동",https://mimgnews.pstatic.net/image/origin/014/2025/01/19/5297643.jpg?type=nf220_150,서울 양천구 목동 재건축 사업에서 가장 먼저 정비구역으로 지정된 목동6단지가 조합 설립을 위한 동의서 접수에 착수했다. 지난해 말 목동 8·12·13단지가 정비계획을 확정하는 등 목동 정비사업 전반이 활기를 띄는 모,파이낸셜뉴스,2시간전
https://n.news.naver.com/mnews/article/032/0003346265,불확실성 커진 주택시장···서울 아파트값 미세 하락전환,https://mimgnews.pstatic.net/image/origin/032/2025/01/19/3346265.jpg?type=nf220_150,정치 불확실성이 이어지면서 주택사업경기도 하락세를 면치 못하고 있다. 서울 아파트값은 9개월 만에 미세한 하락 전환이 이뤄졌다. 주택산업연구원이 19일 주택사업자를 대상으로 전국 주택사업 경기전망지수를 조사한 결과를,경향신문,2시간전
https://n.news.naver.com/mnews/article/018/0005927853,'한남4 혈투' 승자는 '래미안'…압구정·성수도 '삼성 깃발' 꽂나,https://mimgnews.pstatic.net/image/origin/018/2025/01/19/5927853.jpg?type=nf220_150,"삼성물산 ‘래미안’이 현대건설 ‘디에이치’를 제치고 한남뉴타운 첫 입성에 성공했다. 한남4구역 재개발사업 시공권을 놓고 파격 혜택을 쏟아내는 혈투 끝에 ‘조합원 100% 한강 조망’과 ‘공사중단 사례 전무’, ‘래미",이데일리,2시간전
https://n.news.naver.com/mnews/article/014/0005297642,"코레일, ‘자원순환 실천 우수기관’ 선정",https://mimgnews.pstatic.net/image/origin/014/2025/01/19/5297642.jpg?type=nf220_150,한국철도공사(코레일)가 지난 17일 서울 포시즌 호텔에서 열린 ‘제1회 자원순환 실천대회’에서 환경부 장관 표창을 수상했다고 19일 밝혔다. 이 행사는 환경부 인가 공익법인인 E-순환거버넌스의 주관으로 기업의 불용,파이낸셜뉴스,2시간전
https://n.news.naver.com/mnews/article/014/0005297639,"TS, 車검사 가능 기간 확대로 국민 편의 높인다",https://mimgnews.pstatic.net/image/origin/014/2025/01/19/5297639.jpg?type=nf220_150,"한국교통안전공단(TS)은 1월 1일 자동차관리법 개정에 따라 검사 가능 기간이 확대됐다고 19일 밝혔다. 그간 자동차검사는 검사일 전·후 31일 이내(총 63일)에 수검하도록 돼 있었다어 있었으나, 이번 법령 개정을",파이낸셜뉴스,2시간전
https://n.news.naver.com/mnews/article/011/0004441534,"1기 신도시 기반시설, 공공기여금 유동화해 빨리 짓는다",https://mimgnews.pstatic.net/image/origin/011/2025/01/19/4441534.jpg?type=nf220_150,"1기 신도시 재건축 과정에서 상하수도, 광역도로 등 기반시설을 지을 때 공공기여금 유동화 방식이 도입된다. 재건축 조합이 지방자치단체에 납부할 공공기여금을 담보로 금융권에서 자금을 미리 조달해 기반시설을 짓는 방식이",서울경제,2시간전
https://n.news.naver.com/mnews/article/366/0001048265,“공사비 더 오른다” 환율 상승에 가장 취약한 건설 자재는 ‘수입 철근·봉강’,https://mimgnews.pstatic.net/image/origin/366/2025/01/19/1048265.jpg?type=nf220_150,건설산업연구원 “건설사들 환율 변화 대응해야” 원·달러 환율 상승에 따라 건설 현장의 공사비가 더 상승할 가능성이 큰 것으로 우려된다. 환율 상승에 따른 가격 상승 영향이 가장 큰 건설 자재는 수입 철근과 봉강인 것,조선비즈,2시간전
https://n.news.naver.com/mnews/article/011/0004441532,[분양캘린더] 세종 '양우내안애아스펜' 등 전국서 3411가구 공급,,1월 넷째 주에는 전국 4개 단지에서 총 3411가구(일반분양 2240가구)가 분양을 시작한다. 19일 부동산R114에 따르면 한화 건설부문은 21일 '부산 북구 덕천동 ‘한화포레나 부산덕천3차' 1순위 청약 신청을,서울경제,2시간전
https://n.news.naver.com/mnews/article/029/0002930410,올 첫 `로또청약` 래미안 원페를라 내달 초 분양,https://mimgnews.pstatic.net/image/origin/029/2025/01/19/2930410.jpg?type=nf220_150,전용 84㎡ 22억560만~24억5070만원 수도권 분양 물량이 25년 만에 최저 수준으로 줄어드는 올해 강남권에서 첫 분양가 상한제 적용 단지의 분양이 임박해 수요자들의 관심을 모으고 있다. 19일 한국부동산원 청,디지털타임스,3시간전
https://n.news.naver.com/mnews/article/421/0008030507,"삼성물산, 재개발 한남4구역 시공사 선정",https://mimgnews.pstatic.net/image/origin/421/2025/01/19/8030507.jpg?type=nf220_150,서울 용산구 한남4구역의 재개발 공사를 수주하는 시공사로 삼성물산 건설부문이 선출됐다. 한남4재정비촉진구역 주택재개발정비사업 조합이 지난 18일 총회를 열고 조합원 1166명이 투표를 진행한 결과 삼성물산이 675표,뉴스1,3시간전
https://n.news.naver.com/mnews/article/421/0008030503,"삼성물산…한남4구역, ‘래미안 글로우 힐즈’로",https://mimgnews.pstatic.net/image/origin/421/2025/01/19/8030503.jpg?type=nf220_150,서울 용산구 한남4구역의 재개발 공사를 수주하는 시공사로 삼성물산 건설부문이 선출됐다. 한남4재정비촉진구역 주택재개발정비사업 조합이 지난 18일 총회를 열고 조합원 1166명이 투표를 진행한 결과 삼성물산이 675표,뉴스1,3시간전
https://n.news.naver.com/mnews/article/421/0008030500,"한남4구역 수주전, 삼성물산 승리",https://mimgnews.pstatic.net/image/origin/421/2025/01/19/8030500.jpg?type=nf220_150,서울 용산구 한남4구역의 재개발 공사를 수주하는 시공사로 삼성물산 건설부문이 선출됐다. 한남4재정비촉진구역 주택재개발정비사업 조합이 지난 18일 총회를 열고 조합원 1166명이 투표를 진행한 결과 삼성물산이 675표,뉴스1,3시간전
https://n.news.naver.com/mnews/article/243/0000071522,"""러 파병 북한군, 이르면 4월 궤멸""…올해 초까지 3천여명 사상",https://mimgnews.pstatic.net/image/origin/243/2025/01/19/71522.jpg?type=nf220_150,러시아 쿠르스크주에 파병돼 우크라이나군 상대 전투에 투입된 북한군이 손실 추세로 볼 때 올해 4월 중순에 궤멸될 수 있다는 관측이 우크라이나의 군사 전문 영문매체에서 나왔다. '디펜스 익스프레스'는 작년 12월부터,이코노미스트,9분전
https://n.news.naver.com/mnews/article/243/0000071521,트럼프 밈 코인 1만8000% 급등…親가상자산 정책 신호탄?,https://mimgnews.pstatic.net/image/origin/243/2025/01/19/71521.jpg?type=nf220_150,"'친(親) 가상자산(암호화폐) 대통령이 되겠다'고 공약한 도널드 트럼프 미국 대통령 당선인 측이 취임을 앞두고 자체 밈 코인을 출시했다. 트럼프 당선인은 17일(현지시간) 트루스소셜, 엑스(X·옛 트위터) 등 소셜미",이코노미스트,14분전
https://n.news.naver.com/mnews/article/001/0015168238,"트럼프, 취임 앞두고 밈코인 발행…순식간에 시총 13조원 돌파(종합)",https://mimgnews.pstatic.net/image/origin/001/2025/01/19/15168238.jpg?type=nf220_150,SNS 통해 발표…가상화폐 시총 20위 안 진입 트럼프그룹 측이 80% 보유…'이해 충돌' 우려 김태종 특파원 차병섭 기자 = '친(親) 가상화폐 대통령이 되겠다'고 공약한 도널드 트럼프 미국 대통령 당선인 측이 취,연합뉴스,27분전
https://n.news.naver.com/mnews/article/009/0005431231,틱톡 미국서 서비스 중단...“트럼프 대통령 취임하면 재개될 것”,https://mimgnews.pstatic.net/image/origin/009/2025/01/19/5431231.jpg?type=nf220_150,금지 1시간 앞두고 미리 중단 숏폼 플랫폼 틱톡이 18일(현지시간) 서비스를 중단했다. 예정된 틱톡 서비스 금지 한 시간을 앞두고 먼저 서비스를 중단한 것이다. 서부시간 이날 오후8시30분 기준 틱톡에 접속하면 ‘죄,매일경제,1시간전
https://n.news.naver.com/mnews/article/018/0005927886,"관세맨으로 꾸린 트럼프 경제팀…‘고관세, 약달러’ 밀어부치나",https://mimgnews.pstatic.net/image/origin/018/2025/01/19/5927886.jpg?type=nf220_150,"도널드 트럼프 대통령 당선인이 20일(현지시간) 취임하면 세계 무역에 격변의 시대가 다시 열릴 것으로 예상된다. 2기 행정부 경제팀은 관세옹호자들로 꾸려졌고, 공화당이 상·하원을 장악한 만큼 1기 행정부 때보다 훨씬",이데일리,1시간전
https://n.news.naver.com/mnews/article/243/0000071519,"[속보] 이스라엘군 “하마스, 요건 이행해야”…휴전 발효 지연",https://mimgnews.pstatic.net/image/origin/243/2025/01/19/71519.jpg?type=nf220_150,[이코노미스트 윤형준 기자],이코노미스트,1시간전
https://n.news.naver.com/mnews/article/014/0005297661,틱톡 미국 서비스 일찍 중단… 트럼프가 유일한 희망?,https://mimgnews.pstatic.net/image/origin/014/2025/01/19/5297661.jpg?type=nf220_150,틱톡이 19일(현지시간) 일찍 미국에서 사용이 중단돼 가입자 1억7000만명의 불편이 불가피할 전망이다. 19일(현지시간) BBC방송은 사용 중단이 예정됐던 시간에 앞서 이미 수시간전 서비스 중단 문구가 화면에 뜨기,파이낸셜뉴스,1시간전
https://n.news.naver.com/mnews/article/018/0005927870,트럼프 내일 취임…초강력 ‘마가’ 시대 연다,https://mimgnews.pstatic.net/image/origin/018/2025/01/19/5927870.jpg?type=nf220_150,도널드 트럼프 미국 대통령 당선인이 20일(현지시간) 제 47대 대통령으로 취임한다. 그의 재집권은 8년 전 첫 임기를 시작할 때 보다 초강력 ‘마가(MAGA·미국을 다시 위대하게) 의제를 내세워 전 세계를 뒤흔들,이데일리,2시간전
https://n.news.naver.com/mnews/article/031/0000902497,"""시가총액이 70억달러라고?""…트럼프 '밈코인' 폭등",https://mimgnews.pstatic.net/image/origin/031/2025/01/19/902497.jpg?type=nf220_150,미국 제47대 대통령 취임을 사흘 앞둔 도널드 트럼프 당선인이 발행한 가상화폐가 출시 하루만에 시가총액 70억달러(한화 약 10조2165억원)를 기록했다. 19일 코인마켓캡에 따르면 트럼프 밈코인 'TRUMP'는 출,아이뉴스24,2시간전
https://n.news.naver.com/mnews/article/018/0005927850,中 5% 성장에도 불안…올해 관건은 ‘미국’과 ‘소비’[e차이나],https://mimgnews.pstatic.net/image/origin/018/2025/01/19/5927850.jpg?type=nf220_150,중국이 경기 침체 우려에도 지난해 연간 5% 경제 성장이라는 목표를 달성했다. 내수 부진이 심화에도 수출 호조와 막판 쏟아낸 부양책 효과로 보인다. 올해는 미국과 갈등 심화 등 불확실성이 경제 성장에 가장 큰 걸림돌,이데일리,2시간전
https://n.news.naver.com/mnews/article/018/0005927841,"""쏘리, 지금부터 이용할 수 없어요""…美서 틱톡 차단",https://mimgnews.pstatic.net/image/origin/018/2025/01/19/5927841.jpg?type=nf220_150,틱톡이 ㅁ밝힌 서비스 중단 안내 문구 (사진=틱톡) 중국의 인기 소셜미디어(SNS) ‘틱톡’이 미국 동부 시간 기준으로 18일 오후 9시 서비스가 중단됐다. 19일까지 미국회사에 매각하지 않으면 미국 내 서비스가 금,이데일리,2시간전
https://n.news.naver.com/mnews/article/421/0008030606,"중국 소유 틱톡, 트럼프 취임 하루 앞두고 미국서 접속 차단됐다(종합)",https://mimgnews.pstatic.net/image/origin/421/2025/01/19/8030606.jpg?type=nf220_150,"숏폼 플랫폼 틱톡이 도널드 트럼프 미국 대통령 당선인의 취임식을 앞두고 미국에서 접속이 차단됐다. 18일(현지시간) 저녁 늦게 애플과 구글의 앱스토어의 틱톡 설치 페이지에서 ""앱을 사용할 수 없다""는 메시지가 나타난",뉴스1,3시간전
https://n.news.naver.com/mnews/article/243/0000071515,미국 내 틱톡 금지 현실화됐다…1억7000만 사용자 혼란,https://mimgnews.pstatic.net/image/origin/243/2025/01/19/71515.jpg?type=nf220_150,"세계적 인기를 누리는 숏폼 동영상 소셜미디어 틱톡의 미국 내 서비스가 국가안보 위협 비판 속에 예정대로 중단됐다. AP, 로이터 통신 등에 따르면 틱톡은 미국 동부시간으로 오후 10시 50분 현재 구글과 애플이 운영",이코노미스트,3시간전
https://n.news.naver.com/mnews/article/421/0008030441,"[속보] 틱톡, 트럼프 취임식 하루 앞두고 미국 접속 차단",https://mimgnews.pstatic.net/image/origin/421/2025/01/19/8030441.jpg?type=nf220_150,,뉴스1,3시간전
https://n.news.naver.com/mnews/article/243/0000071514,"김범석 쿠팡 의장, 트럼프 주니어와 만남…정부 인사들과 투자·협력 논의",https://mimgnews.pstatic.net/image/origin/243/2025/01/19/71514.jpg?type=nf220_150,쿠팡 창업자 김범석 의장이 도널드 트럼프 대통령 당선인의 장남 트럼프 주니어가 워싱턴 DC에서 개최한 비공개 리셉션에 참석해 트럼프 주니어와 국무·상무부 장관 지명자 등을 만났다. 18일(현지시간) 워싱턴 외교가에,이코노미스트,3시간전
https://n.news.naver.com/mnews/article/015/0005083976,트럼프 취임으로 증시에 훈풍불까 [뉴욕증시 주간전망],,이번 주(20~24일) 뉴욕 증시의 최대 이슈는 20일(현지시간) 워싱턴D.C에서 있을 도널드 트럼프 대통령 당선인의 취임식이다. 트럼프 당선인이 취임 뒤 쏟아낼 행정명령과 경제 정책 관련 발언 등이 뉴욕증시에 영향,한국경제,4시간전
https://n.news.naver.com/mnews/article/001/0015167776,트럼프가 온다…美자동차업계 커지는 불확실성,https://mimgnews.pstatic.net/image/origin/001/2025/01/19/15167776.jpg?type=nf220_150,"전기차 보조금 축소·관세 인상 '이중고' 우려 포드 회장 ""트럼프, 전화로 도움 되고 싶다 말해"" 기대도 전기차 보조금 축소와 관세 인상을 내세운 도널드 트럼프 미국 대통령 당선인의 취임을 앞두고 미국 자동차 업계를",연합뉴스,4시간전
https://n.news.naver.com/mnews/article/001/0015167768,"연일 경기 지원 나서는 인니 중앙은행, 총재 수사때문?",https://mimgnews.pstatic.net/image/origin/001/2025/01/19/15167768.jpg?type=nf220_150,"매파 성향 BI, 신정부 들어 양적완화·금리인하 나서 박의래 특파원 = 매파적(통화 긴축 선호) 성향으로 분류되던 인도네시아 중앙은행(BI)이 루피아화 약세에도 금리 인하를 단행하는 등 연일 통화 완화 정책을 내놓고",연합뉴스,4시간전
https://n.news.naver.com/mnews/article/138/0002189620,"취임앞둔 트럼프, 가상화폐 정책 우선순위 발표 나오나… 비트코인 10만4천달러선 회복",https://mimgnews.pstatic.net/image/origin/138/2025/01/19/2189620.jpg?type=nf220_150,비트코인이 트럼프의 취임(20일 현지시간)을 앞두고 상승세를 타고 있다. 트럼프가 취임과 동시에 가상화폐를 정책 우선순위에 올리는 행정명령을 발표할 것이라는 기대감이 작용한 결과로 풀이된다. 가상화폐정보 플랫폼 코인,디지털데일리,5시간전
https://n.news.naver.com/mnews/article/138/0002189618,‘오피셜 트럼프’ 밈코인(meme) 발행 소식… 시총 4위 솔라나 20% 가까이 폭등,https://mimgnews.pstatic.net/image/origin/138/2025/01/19/2189618.jpg?type=nf220_150,트럼프 당선인이 밈(meme)코인을 발행했다는 소식이 전해지면서 18일(현지시간)가상화폐 시가총액 4위 솔라나(스테이블코인 제외)가 20%가까이 폭등하고 있다. 미 가상화폐 거래소 코인베이스에 따르면 미 동부 시간,디지털데일리,5시간전
https://n.news.naver.com/mnews/article/018/0005927763,"""MS의 오픈AI 대규모 투자, 반독점법 위반 가능성 커""",https://mimgnews.pstatic.net/image/origin/018/2025/01/19/5927763.jpg?type=nf220_150,미국 연방거래위원회(FTC)가 마이크로소프트(MS)와 챗GPT 개발사 오픈AI의 파트너십에 대해 반독점법 위반 가능성을 제기했다. 아마존과 구글이 오픈AI 대항마로 평가받는 AI스타트업 앤스로픽에 대규모 투자를 하고,이데일리,5시간전
https://n.news.naver.com/mnews/article/015/0005083961,"5% 성장 사수한 中, 트럼프 취임 앞두고 '금리 카드' 만지작",https://mimgnews.pstatic.net/image/origin/015/2025/01/19/5083961.jpg?type=nf220_150,중국이 지난해 바오우(保五·5% 성장률 유지) 사수에 성공하면서 모처럼 투자자들이 한숨돌렸다. 미국의 대중 압박 탓에 올 들어 8년여 만에 최악의 연초 실적을 낸 중국 증시가 아직은 건재한 것으로 나타난 경제 성장률,한국경제,5시간전
https://n.news.naver.com/mnews/article/243/0000071511,현대경제硏 “정치 혼란 지속되면 한국 경제 ‘1%대 성장’ 고착 가능”,https://mimgnews.pstatic.net/image/origin/243/2025/01/19/71511.jpg?type=nf220_150,국내 정치적 혼란이 길어지면 한국 경제 성장률이 1%대에서 고착할 수 있다는 경고가 나왔다. 현대경제연구원은 19일 '2025년 국내외 트렌드 - 격동의 글로벌 정세 속 혼돈의 국내 여건' 보고서에서 이같이 밝혔다.,이코노미스트,5시간전
https://n.news.naver.com/mnews/article/018/0005927748,5% 넘보는 美국채금리…각국 통화정책 리셋될까,https://mimgnews.pstatic.net/image/origin/018/2025/01/19/5927748.jpg?type=nf220_150,오는 20일(현지시간) 도널드 트럼프 미국 대통령 당선인의 취임을 앞두고 주요 국가 국채 금리가 급등했다. 이 같은 국채 금리 변동성 확대는 금리 인하로 돌아선 주요 중앙은행들의 셈법도 복잡하게 만들고 있다. 美 주,이데일리,6시간전
https://n.news.naver.com/mnews/article/001/0015167640,"트럼프 취임 후 반도체법 운명은…""상무 지명자, 지속 의사""",https://mimgnews.pstatic.net/image/origin/001/2025/01/19/15167640.jpg?type=nf220_150,"트럼프, 대선 전 ""나쁘다""…보조금보다 관세 선호 ""삼성, 美안보에 중요한 특정 구형칩 생산 비공개 합의"" 도널드 트럼프 미국 차기 행정부 출범을 앞두고 조 바이든 행정부에서 의욕적으로 추진해온 반도체법(Chips",연합뉴스,6시간전
https://n.news.naver.com/mnews/article/421/0008030280,"트럼프, 20일 취임하면 틱톡 금지법 90일 유예 조치 취할 것",https://mimgnews.pstatic.net/image/origin/421/2025/01/19/8030280.jpg?type=nf220_150,"도널드 트럼프 미국 대통령 당선인이 짧은 동영상 플랫폼인 틱톡 차단과 관련해 90일 유예 카드를 내밀었다. 트럼프 대통령 당선인은 18일(현지시간) NBC방송과 인터뷰에서 틱톡과 관련해 ""90일 연장조치가 적절하기",뉴스1,6시간전
https://n.news.naver.com/mnews/article/018/0005927735,"트럼프밈코인, 출시 하루만 시총 7조원…""대통령직 돈벌이""",https://mimgnews.pstatic.net/image/origin/018/2025/01/19/5927735.jpg?type=nf220_150,트럼프 공식 밈코인인 $TRUMP를 발행하는 웹사이트의 홍보물(사진=갯트럼프밈스닷컴) 도널드 트럼프 미국 대통령 당선인이 발행한 밈코인에 매수세가 몰리면서 하루 만에 시가총액 50억 달러(약 7조3000억원)를 돌파,이데일리,6시간전
https://n.news.naver.com/mnews/article/008/0005143013,"""좋은 아이디어=진통제""…애플 일으킨 그가 말하는 '빌드: 창조의 과정'",https://mimgnews.pstatic.net/image/origin/008/2025/01/19/5143013.jpg?type=nf220_150,전 세계 시가총액 1위 기업은 애플이다. 시가총액만 3조5000억달러다. 이런 애플도 1990년대 말 파산 위기에 내몰렸던 시절이 있었다. 2001년 아이팟(iPod)을 내놓으면서 애플은 본격적인 성장 궤도에 진입한,머니투데이,7시간전
https://n.news.naver.com/mnews/article/243/0000071506,‘206㎝ 막내’ ‘SNS 스타 손녀’…다시 주목받는 트럼프 2기 패밀리,https://mimgnews.pstatic.net/image/origin/243/2025/01/19/71506.jpg?type=nf220_150,재선 실패를 딛고 4년 만에 백악관에 화려하게 복귀하는 도널드 트럼프 대통령 당선인의 가족들이 8년 전 첫 백악관 입성 때와는 확연히 달라진 모습으로 눈길을 끈다. 트럼프 1기 행정부 출범의 주요 공신이었던 장녀 이,이코노미스트,7시간전
https://n.news.naver.com/mnews/article/018/0005927693,"中 지갑 닫혀 울상인 명품업계, 트럼프 복귀만 기다렸다…왜?",https://mimgnews.pstatic.net/image/origin/018/2025/01/19/5927693.jpg?type=nf220_150,미국이 세계 최대 명품 수요처인 중국을 대체할 수 있을까. 오는 20일 도널드 트럼프 미국 대통령 당선인의 취임으로 ‘트럼프 2.0시대’가 본격 개막하는 가운데 명품 업계가 극적 반전의 기회를 맞을지 관심이 쏠린다.,이데일리,7시간전
https://n.news.naver.com/mnews/article/001/0015167485,"美FTC, MS-오픈AI 파트너십 '반독점법 위반·인수' 우려",https://mimgnews.pstatic.net/image/origin/001/2025/01/19/15167485.jpg?type=nf220_150,"앤스로픽에 대한 아마존·구글 투자도…""트럼프, 어떤 조치할지 불분명"" 김태종 특파원 = 마이크로소프트(MS)와 챗GPT 개발사 오픈AI의 파트너십에 대해 미 연방거래위원회(FTC)가 반독점법 위반 등을 우려하는 것으",연합뉴스,7시간전
https://n.news.naver.com/mnews/article/003/0013023390,수출영토 확장하는 'K-푸드+'…올해도 역대 최고 경신할까[세쓸통],https://mimgnews.pstatic.net/image/origin/003/2025/01/19/13023390.jpg?type=nf220_150,K-푸드의 영토 확장세가 심상치 않습니다. 지난해 농식품뿐 아니라 스마트팜 등 전후방 산업을 포함하는 K-푸드 플러스(+) 수출액이 130억 달러를 넘어서면서 역대 최대를 기록했습니다. 정부는 올해 K-푸드+ 수출,뉴시스,8시간전
https://n.news.naver.com/mnews/article/018/0005927651,"트럼프 ""틱톡금지 90일 유예 검토가능..20일 발표""",https://mimgnews.pstatic.net/image/origin/018/2025/01/19/5927651.jpg?type=nf220_150,도널드 트럼프 미국 대통령이 중국계 동영상 공유 사이트 틱톡의 미국 내 서비스 금지를 90일간 유예하는 게 적절하다는 의사를 밝혔다. 미국 국기와 틱톡 로고가 보인다. (사진=로이터) 트럼프 당선인은 18일(현지시간,이데일리,8시간전
https://n.news.naver.com/mnews/article/648/0000032609,[글로벌 바이오워치]빅파마 '바이오텍 쇼핑' 시작됐다,https://mimgnews.pstatic.net/image/origin/648/2025/01/19/32609.jpg?type=nf220_150,글로벌 제약사들(빅파마)이 주도하는 바이오텍 인수합병(M&A) 시장이 본격 열렸다. 빅파마들은 신약 특허 만료 등으로 감소할 매출을 만회할 '성과 있는 기업'을 최우선 M&A 대상으로 주목하고 있다. 19일 업계에,비즈워치,8시간전
https://n.news.naver.com/mnews/article/648/0000032608,올해 가상자산 시장 최대 변수는 '인플레·금리',https://mimgnews.pstatic.net/image/origin/648/2025/01/19/32608.jpg?type=nf220_150,올해 가상자산 시장이 상승세를 이어갈 것이라는 전망이 많은 가운데 미국 경제의 불확실성이 시장에 찬물을 끼얹을 수 있다는 우려가 제기되고 있다. 가상자산은 다른 투자상품에 비해 펀더멘털이 약해 시장 심리에 크게 영향,비즈워치,9시간전
https://n.news.naver.com/mnews/article/421/0008029902,1년간 S&P 500 지수 24% 끌어올린 트럼프 1기…증시 변곡점[트럼프 2.0],https://mimgnews.pstatic.net/image/origin/421/2025/01/19/8029902.jpg?type=nf220_150,도널드 트럼프 미국 대통령의 취임이 하루 앞으로 다가 왔다. 트럼프 2기 행정부 출범을 앞두고 금융투자업계에서는 국내외 증시의 '변곡점'이 될 것이라는 전망이 제기되고 있다. 지난 2017년 1월 20일 시작된 트럼,뉴스1,9시간전
https://n.news.naver.com/mnews/article/015/0005084038,마른김 값 고공행진에도…물김 산지價 뚝,https://mimgnews.pstatic.net/image/origin/015/2025/01/19/5084038.jpg?type=nf220_150,올해 들어 김밥용 김 등의 원료가 되는 물김 생산량이 큰 폭으로 늘면서 산지 위판 가격이 하락세를 보이고 있다. 물김 생산량 급증에도 가공량은 그대로여서 물김을 1차 가공한 마른김 도매가격은 오름세를 이어가고 있다.,한국경제,5분전
https://n.news.naver.com/mnews/article/015/0005084037,리테일 테크 속도내는 신세계백화점…서울대와 'AI 퍼스널 쇼퍼' 개발,https://mimgnews.pstatic.net/image/origin/015/2025/01/19/5084037.jpg?type=nf220_150,신세계백화점이 리테일 테크에 속도를 내고 있다. 소비자 개개인에게 딱 맞는 상품과 서비스를 추천하는 ‘인공지능(AI) 퍼스널 쇼퍼’를 서울대와 손잡고 개발하기로 했다. 신세계백화점은 서울대 데이터사이언스대학원과 AI,한국경제,5분전
https://n.news.naver.com/mnews/article/015/0005084036,"GS25, 고물가 속 가성비 PB전략 통했다",,GS25는 가성비 자체브랜드(PB) ‘리얼프라이스’가 1년 만에 매출 500억원을 달성했다고 19일 밝혔다. 지난해 초 론칭한 리얼프라이스는 일반 상품보다 최대 50% 저렴한 브랜드다. GS25는 대기업 대신 중소,한국경제,6분전
https://n.news.naver.com/mnews/article/015/0005084035,주류 문화 바뀌고 수출 감소…탁주업계 실적 방어 안간힘,https://mimgnews.pstatic.net/image/origin/015/2025/01/19/5084035.jpg?type=nf220_150,코로나19 유행 기간 홈술 트렌드를 타고 고공 행진하던 막걸리 시장 성장세가 꺾였다. 새로운 소비층으로 떠올랐던 Z세대의 음주 취향이 하이볼 등으로 옮겨가자 찾는 이가 눈에 띄게 줄었다. 급격한 실적 악화로 고전하고,한국경제,6분전
https://n.news.naver.com/mnews/article/029/0002930461,"랜딩인터내셔널, 美 리테일 시장 공략법 담은 K뷰티 트렌드 리포트 발간",https://mimgnews.pstatic.net/image/origin/029/2025/01/19/2930461.jpg?type=nf220_150,"글로벌 K-뷰티 유통사 랜딩인터내셔널이 미국 리테일 시장을 겨냥한 브랜딩 전략을 담은 트렌드 리포트 'K뷰티 제2의 물결'을 발간했다고 19일 밝혔다. 리포트는 랜딩인터내셔널과 매치마이메이크업, 클리어포미, 스페이트",디지털타임스,7분전
https://n.news.naver.com/mnews/article/008/0005143140,세븐일레븐-안유성 명장 설 앞두고 '마늘갈비정식' 도시락 선보여,https://mimgnews.pstatic.net/image/origin/008/2025/01/19/5143140.jpg?type=nf220_150,세븐일레븐이 대한민국 제16대 조리 명장 안유성 셰프와 함께 설 기획 도시락 '마늘갈비정식'을 내놨다고 19일 밝혔다. 이번 도시락은 안 명장이 운영하는 장수회관의 대표 메뉴 '마늘양념갈비'를 활용했다. 국내산 돈갈,머니투데이,50분전
https://n.news.naver.com/mnews/article/422/0000706774,식재료 수입 의존…고환율에 먹거리 가격 인상 줄잇나,https://mimgnews.pstatic.net/image/origin/422/2025/01/19/706774.jpg?type=nf220_150,각종 먹거리 중에서 특히 가공식품은 소비자들의 구입 빈도가 높다보니 조금만 가격이 올라도 부담이 크게 느껴질 수밖에 없는데요. 고환율에 수입 원재룟값이 오르면서 주요 식품 가격이 줄줄이 오르고 있습니다. 한지이 기자,연합뉴스TV,1시간전
https://n.news.naver.com/mnews/article/030/0003277282,파라마운트부터 지브리까지…유통가 테마파크 경쟁 점화,https://mimgnews.pstatic.net/image/origin/030/2025/01/19/3277282.jpg?type=nf220_150,유통가 테마파크 경쟁이 본격화되고 있다. 테마파크 중심의 대규모 복합 단지를 개발해 본업과 시너지를 창출하겠다는 복안이다. 유통·서비스 등 자체 콘텐츠를 담는 것은 물론 글로벌 지식재산권(IP)사와 협업한 테마파크도,전자신문,1시간전
https://n.news.naver.com/mnews/article/119/0002915336,"정부, 설 명절 앞두고 배추·무 유통실태 점검…불공정행위 확인",https://mimgnews.pstatic.net/image/origin/119/2025/01/19/2915336.jpg?type=nf220_150,"농림축산식품부, 기획재정부, 공정거래위원회는 설 명절을 앞두고 가격이 급등한 배추·무의 유통실태 전반을 관계부처 합동으로 점검한다고 19일 밝혔다. 현재 배추와 무의 도·소매 가격은 전·평년 대비 높은 상황이다. 김",데일리안,1시간전
https://n.news.naver.com/mnews/article/029/0002930440,"가구업계 `치킨게임` 더 치열해진다…현대리바트, 부동산 침체 직격탄",https://mimgnews.pstatic.net/image/origin/029/2025/01/19/2930440.jpg?type=nf220_150,"올해 전국 아파트 분양물량을 비롯한 입주물량이 역대급 최저치를 기록할 것으로 관측되는 가운데, B2B(기업 간 거래)가 주력 사업이었던 현대리바트가 직격탄을 맞을 것으로 관측된다. B2C(기업과 소비자 간 거래) 위",디지털타임스,1시간전
https://n.news.naver.com/mnews/article/029/0002930439,"고물가 속 편의점 저가 PB(자체브랜드) `탄력`…""싸야 산다""",https://mimgnews.pstatic.net/image/origin/029/2025/01/19/2930439.jpg?type=nf220_150,지속되고 있는 고물가에 편의점들이 론칭한 가격 소구형 PB(자체브랜드)가 탄력받고 있다. 19일 유통업계에 따르면 GS25 자체브랜드 '리얼프라이스'는 1년여만에 500억원 매출을 달성했다. 가격 경쟁력을 갖춘 우수,디지털타임스,1시간전
https://n.news.naver.com/mnews/article/021/0002685043,"농식품부, “설 성수기 배추·무 유통 실태 점검”…24일까지",https://mimgnews.pstatic.net/image/origin/021/2025/01/19/2685043.jpg?type=nf220_150,"농식품부, 합동 점검반 편성 농림축산식품부와 기획재정부, 공정거래위원회는 설을 앞두고 가격이 급등한 배추와 무의 유통실태를 오는 24일까지 점검한다고 19일 밝혔다. 농식품부에 따르면 배추 소비자 가격은 지난 16일",문화일보,1시간전
https://n.news.naver.com/mnews/article/014/0005297660,"'빅토르위고, 최애 디저티'까지..백화점, 설 선물세트 '이것'도 경쟁 후끈",https://mimgnews.pstatic.net/image/origin/014/2025/01/19/5297660.jpg?type=nf220_150,백화점들이 설 선물세트로 내놓은 다양하고 이색적인 디저트가 인기를 끌고 있다. 지난 추석 수요에 힘입어 올해 설에는 품목도 한층 다양해졌다. 19일 롯데백화점에 따르면 지난해 9월 추석 기간 디저트 선물 세트 매출은,파이낸셜뉴스,1시간전
https://n.news.naver.com/mnews/article/018/0005927878,[부고]고광표(고바이오랩 대표)씨 부친상,,"△고연주씨 별세, 고광표(고바이오랩 대표)씨 부친상 = 18일, 서울성모병원 장례식장 12호, 발인 21일 오전 7시, 장지 시안가족추모공원, 02-2258-5922",이데일리,1시간전
https://n.news.naver.com/mnews/article/014/0005297658,"여행사·PG사 ""티메프 집단분쟁조정 수용못해""..소비자 피해 장기화",https://mimgnews.pstatic.net/image/origin/014/2025/01/19/5297658.jpg?type=nf220_150,"대규모 미정산 사태를 불러온 티몬·위메프(티메프) 여행·숙박 상품에 대한 한국소비자원의 환불 집단 조정을 여행사와 전자결제대행사(PG사) 대다수가 수용 불가 입장을 보였다. 이에 따라, 이번 사태의 소비자 피해 구제",파이낸셜뉴스,1시간전
https://n.news.naver.com/mnews/article/008/0005143123,롯데백화점 설 선물 매출 '이것' 때문에 2배 뛰었다,https://mimgnews.pstatic.net/image/origin/008/2025/01/19/5143123.jpg?type=nf220_150,롯데백화점이 '디저트 설 선물'이 인기를 끌면서 매출 성장세가 지난해 설 명절 때보다 2배에 이른다고 19일 밝혔다. 앞서 롯데백화점은 디저트가 식문화 중심으로 자리 잡는 추세를 설 선물에 반영했다. 전 세계 디저트,머니투데이,2시간전
https://n.news.naver.com/mnews/article/008/0005143121,이마트24-넷마블 설 맞아 '모두의마블' 도시락 선보여,https://mimgnews.pstatic.net/image/origin/008/2025/01/19/5143121.jpg?type=nf220_150,이마트24가 설날을 맞아 넷마블의 모바일 보드게임 '모두의마블'과 함께 '소불고기떡만둣국정찬(5900원)'과 '떡만둣국&모듬전(5900원)' 등 2종의 명절 도시락을 선보인다고 19일 밝혔다. 소불고기떡만둣국정찬은,머니투데이,2시간전
https://n.news.naver.com/mnews/article/014/0005297651,"식품 경기 전망 1년 만에 '악화' 돌아섰다.. 식품사, 해외 등 돌파구 찾기",https://mimgnews.pstatic.net/image/origin/014/2025/01/19/5297651.jpg?type=nf220_150,고물가·고금리 기조에 따른 내수 부진의 영향으로 올해 국내 식품 산업 경기 전반이 급속도로 얼어붙고 있다. 여기에 비상계엄 선포와 탄핵 정국 등 정치적 불확실성까지 더해지며 올 들어 식품 산업 경기 전망이 1년 만에,파이낸셜뉴스,2시간전
https://n.news.naver.com/mnews/article/014/0005297648,"'생맥주야, 캔맥주야'..'물성매력'으로 공략하는 식음료 업계",https://mimgnews.pstatic.net/image/origin/014/2025/01/19/5297648.jpg?type=nf220_150,식음료 업계가 소비자들이 오감을 총동원해 직접 만지고 느낄 수 있는 차별화된 경험을 제공하는 '물성매력' 마케팅에 주력하고 있다. 물성매력은 '손에 잡히는 대상이 지니는 매력'이란 뜻으로 디지털 시대에 더 부각되고,파이낸셜뉴스,2시간전
https://n.news.naver.com/mnews/article/031/0000902483,"김범석 쿠팡 의장, 트럼프 2기 내각 만나⋯韓 재계 최초",https://mimgnews.pstatic.net/image/origin/031/2025/01/19/902483.jpg?type=nf220_150,김범석 쿠팡 의장이 도널드 트럼프 미국 대통령 취임을 앞두고 2기 행정부 내각의 주요 인사들을 만났다. 18일(현지시간) 미국 워싱턴 외교가에 따르면 김 의장은 전날 콘래드 워싱턴DC 호텔에서 열린 트럼프 대통령 당,아이뉴스24,2시간전
https://n.news.naver.com/mnews/article/014/0005297636,"신세계백화점 ""소포장 선물세트로 간편하게 감사인사 전하세요""",https://mimgnews.pstatic.net/image/origin/014/2025/01/19/5297636.jpg?type=nf220_150,"신세계백화점이 명절 연휴를 일주일 앞두고 간편하게 들고 갈 수 있는 소포장 '이지픽업' 선물세트를 확대해 선보인다. 소포장으로 가격 부담을 줄이고 실용성을 높인 선물세트다. 대표 상품으로는 샤인머스캣, 한라봉, 애플",파이낸셜뉴스,2시간전
https://n.news.naver.com/mnews/article/014/0005297633,"'명절 혼자 보내면 어때'..편의점, '설 도시락' 없는게 없다",https://mimgnews.pstatic.net/image/origin/014/2025/01/19/5297633.jpg?type=nf220_150,설 연휴를 앞두고 편의점들이 '나홀로 명절'을 보내는 1인 가구를 위한 도시락 상품을 선보였다. 19일 편의점업계에 따르면 세븐일레븐은 오는 22일 대한민국 제16대 조리 명장 안유성 셰프와 협업한 설 기획 명절 도,파이낸셜뉴스,2시간전
https://n.news.naver.com/mnews/article/018/0005927849,"[단독]한 달 새 100만개 팔린 '이장우 호두과자', 부산 간다",https://mimgnews.pstatic.net/image/origin/018/2025/01/19/5927849.jpg?type=nf220_150,‘이장우 호두과자’로 이름난 부창제과가 3월 서울·대구에 이어 부산에도 상륙한다. 19일 업계에 따르면 호두과자 브랜드 부창제과는 오는 3월 10일 신세계백화점 센텀시티점에 입점한다. 부창제과는 배우 이장우가 KBS,이데일리,2시간전
https://n.news.naver.com/mnews/article/030/0003277268,"김범석 쿠팡 의장, 트럼프 2기 국무·상무·재무 장관 만나",https://mimgnews.pstatic.net/image/origin/030/2025/01/19/3277268.jpg?type=nf220_150,김범석 쿠팡 의장이 미국 워싱턴DC에서 트럼프 2기 내각 인사들을 만나 한·미 투자 협력을 논의했다. 19일 업계에 따르면 김 의장은 트럼프 장남인 도널드 트럼프 주니어가 워싱턴D.C.에서 개최한 비공개 리셉션에 참,전자신문,2시간전
https://n.news.naver.com/mnews/article/014/0005297631,"GS25 가성비 자체브랜드 리얼프라이스...""1년여만 매출 500억""",https://mimgnews.pstatic.net/image/origin/014/2025/01/19/5297631.jpg?type=nf220_150,편의점 GS25가 지난해 1월부터 물가안정 상품으로 전개하고 있는 '리얼프라이스' 상품이 출시 1년여만에 500억원 규모의 매출을 올린 메가 브랜드로 성장했다. 19일 GS리테일에 따르면 리얼프라이스는 GS25의 운,파이낸셜뉴스,2시간전
https://n.news.naver.com/mnews/article/014/0005297630,"신세계백화점, 서울대 데이터사이언스대학원과 '초개인화 쇼핑' 맞손",https://mimgnews.pstatic.net/image/origin/014/2025/01/19/5297630.jpg?type=nf220_150,신세계백화점은 서울대학교 데이터사이언스대학원과 손잡고 '초개인화 쇼핑' 환경 구축에 나선다고 19일 밝혔다. 신세계백화점은 지난 17일 서울대 데이터사이언스대학원과 인공지능(AI) 및 빅데이터 분야 업무협약(MOU),파이낸셜뉴스,2시간전
https://n.news.naver.com/mnews/article/018/0005927838,"상생안 시행 ‘막바지’…배달앱, 이번주 수수료 개편 고지",https://mimgnews.pstatic.net/image/origin/018/2025/01/19/5927838.jpg?type=nf220_150,배달 애플리케이션(앱) 수수료 인하를 골자로 한 상생안 시행이 한 달여 앞으로 다가왔다. 배달앱들은 이르면 이번주부터 차등수수료 적용에 대해 고지하는 등 시행을 앞두고 막바지 채비에 나설 전망이다. 이정희 배달플랫폼,이데일리,2시간전
https://n.news.naver.com/mnews/article/014/0005297624,"'오후 2시 이후' 방문하면 스벅, 무료 사이즈업",https://mimgnews.pstatic.net/image/origin/014/2025/01/19/5297624.jpg?type=nf220_150,스타벅스 코리아가 오는 20~23일 일부 음료 용량을 한 단계 더 크게 제공하는 '원 더 사이즈 업' 이벤트를 연다고 19일 밝혔다. 행사 기간 오후 2~8시 스타벅스 매장을 방문해 에스프레소와 콜드 브루 제조 음료,파이낸셜뉴스,3시간전
https://n.news.naver.com/mnews/article/422/0000706741,"""설 선물 배송지 변경""…연말정산·선물배송 사칭 스미싱 '주의보'",https://mimgnews.pstatic.net/image/origin/422/2025/01/19/706741.jpg?type=nf220_150,"정부는 19일 설 연휴를 앞두고 연말정산, 과태료·범칙금 조회 등을 사칭하거나 명절 선물로 위장한 스미싱 문자 피해에 대한 주의를 당부했습니다. 2022~2024년 관계 당국이 탐지한 문자 사기 현황에 따르면, 공공",연합뉴스TV,3시간전
https://n.news.naver.com/mnews/article/001/0015167940,"'전통시장에 온기, 지역경제에 생기'…강원도 소비 촉진 캠페인",https://mimgnews.pstatic.net/image/origin/001/2025/01/19/15167940.jpg?type=nf220_150,"김진태 지사, 설맞아 8개 시군 11개 전통시장 잇따라 방문 계획 강원도가 설맞이 대대적인 전통시장 방문 행사를 통해 지역경제 활성화에 안간힘을 기울이고 나섰다. 도는 지난 13일부터 오는 24일까지 도와 시군 직원",연합뉴스,3시간전
https://n.news.naver.com/mnews/article/014/0005297623,'10년간 1152만병' 팔린 설 대표 선물은,https://mimgnews.pstatic.net/image/origin/014/2025/01/19/5297623.jpg?type=nf220_150,"설 연휴를 앞두고 신년 건강과 명절 선물을 함께 챙기려는 홍삼 수요가 급증하고 있다. 특히, 대표 홍삼 제품인 정관장 홍삼정은 지난 10년간 연평균 2000억원이 넘는 매출을 기록한 스테디셀러로 자리잡았다. 19일",파이낸셜뉴스,3시간전
https://n.news.naver.com/mnews/article/119/0002915321,설연휴 대출 만기·카드결제 31일로 연기…중소기업에 95조 지원,https://mimgnews.pstatic.net/image/origin/119/2025/01/19/2915321.jpg?type=nf220_150,"오는 27일 월요일이 임시공휴일로 지정됨에 따라 이번 설 연휴은 25부터 30일까지 6일이다. 이에 따라 설 연휴 기간에 대출 만기일, 신용카드 결제일, 보험료·공과금 자동납부일이 찾아오면 연휴 다음날인 오는 31일",데일리안,3시간전
https://n.news.naver.com/mnews/article/119/0002915319,설연휴 문 여는 병원·약국 1만3000곳…24시간 재난안전상황실 가동,https://mimgnews.pstatic.net/image/origin/119/2025/01/19/2915319.jpg?type=nf220_150,"설 연휴기간 서울지역에 병·의원과 약국 1만3000곳이 문을 열고, 시민들의 안전을 위한 24시간 재난안전상황실이 가동된다. 서울시는 이런 내용의 '2025 설 종합대책'을 시행한다고 19일 밝혔다. 설 종합상황실은",데일리안,3시간전
https://n.news.naver.com/mnews/article/003/0013023860,오르는 마른김 가격,https://mimgnews.pstatic.net/image/origin/003/2025/01/19/13023860.jpg?type=nf220_150,19일 서울 시내 대형마트에서 시민들이 마른김을 살펴보고 있다. 한국농수산식품유통공사 가격정보 사이트에 따르면 마른김 10장 평균 소매가격이 1562원으로 1년 전에 비해 48% 오른 것으로 나타났다. 2025.01,뉴시스,3시간전
https://n.news.naver.com/mnews/article/003/0013023859,설 맞이 한우 할인 행사,https://mimgnews.pstatic.net/image/origin/003/2025/01/19/13023859.jpg?type=nf220_150,19일 서울 양재 하나로마트에서 열린 설 명절 맞이 한우 할인 행사를 찾은 시민들이 한우를 살펴보고 있다. 2025.01.19. photocdj@newsis.com,뉴시스,3시간전
https://n.news.naver.com/mnews/article/003/0013023858,오르는 마른김 가격,https://mimgnews.pstatic.net/image/origin/003/2025/01/19/13023858.jpg?type=nf220_150,19일 서울 시내 대형마트에서 시민들이 마른김을 살펴보고 있다. 한국농수산식품유통공사 가격정보 사이트에 따르면 마른김 10장 평균 소매가격이 1562원으로 1년 전에 비해 48% 오른 것으로 나타났다. 2025.01,뉴시스,3시간전
https://n.news.naver.com/mnews/article/011/0004441573,"산업부, 중견기업 R&D에 534억 원 투입…신규과제 31개 선정",https://mimgnews.pstatic.net/image/origin/011/2025/01/19/4441573.jpg?type=nf220_150,산업통상자원부가 올해 중견기업 전용 연구개발(R&D) 사업에 총 534억 원을 지원하겠다고 밝혔다. 산업부는 19일 보도자료를 통해 이같이 밝혔다. 산업부는 “총예산이 지난해 350억 원보다 대폭 증액됐다”며 “올해,서울경제,1분전
https://n.news.naver.com/mnews/article/025/0003415756,릭샤 즐겨타는 '인도 취향' 3륜 전기차 선보인 현대차,https://mimgnews.pstatic.net/image/origin/025/2025/01/19/3415756.jpg?type=nf220_150,현대자동차가 인도 맞춤 ‘마이크로 모빌리티 콘셉트’를 공개했다. 전기로 달리는 초소형 3륜·4륜차다. 툭툭이나 릭샤 등 3륜차가 대중적인 인도에서 급성장 중인 초소형 전동화 모빌리티 시장을 노리겠다는 현대차의 전략이,중앙일보,1분전
https://n.news.naver.com/mnews/article/468/0001121905,현대백화점 “제철 과일로 만든 건강한 착즙 주스 맛보세요”,https://mimgnews.pstatic.net/image/origin/468/2025/01/19/1121905.jpg?type=nf220_150,"현대백화점, 닌자 건강부스터 팝업스토어. 사진 | 현대백화점 현대백화점은 오는 23일까지 판교점 지하 1층 식품관에서 ‘닌자 건강부스터’ 팝업스토어를 진행한다. 행사는 미아점(1/31~2/6)과 목동점(2/7~13)",스포츠서울,3분전
https://n.news.naver.com/mnews/article/421/0008030924,2024~2026년 혼인신고 시 최대 100만원 세액공제 받는다,https://mimgnews.pstatic.net/image/origin/421/2025/01/19/8030924.jpg?type=nf220_150,지난해부터 내년까지 혼인신고를 한 신혼부부는 최대 100만 원까지 세액공제를 받을 수 있다. 국세청은 19일 이런 내용을 담은 '국세청이 짚어드리는 신혼부부 맞춤형 연말정산 원포인트 안내'를 제공한다고 밝혔다. '결,뉴스1,3분전
https://n.news.naver.com/mnews/article/025/0003415755,삼성전자 최신폰 '반값 보상'하는 구독클럽 시작...통신사보다 나을까,https://mimgnews.pstatic.net/image/origin/025/2025/01/19/3415755.jpg?type=nf220_150,삼성전자가 갤럭시S 시리즈 스마트폰을 1년 사용하다가 반납하면 정가의 50%를 보상하는 구독서비스를 출시한다. 사용 기간에 보험 혜택도 함께 제공하는 조건이다. 1년마다 최신 스마트폰으로 교체하는 소비자라면 중고 판,중앙일보,7분전
https://n.news.naver.com/mnews/article/082/0001308242,‘12·3 비상계엄 후 극우·보수성향 유튜버 수입 2배 ‘껑충’,https://mimgnews.pstatic.net/image/origin/082/2025/01/19/1308242.jpg?type=nf220_150,극우·보수성향의 유튜버 상당수가 ‘12·3 비상계엄’ 이후에 2배 넘는 수입을 올린 걸로 나타났다. 수입 신고와 세금 납부를 성실히 했는지 검증하기 위한 국세청의 세무조사 강화가 필요하다는 지적이다. 19일 국회 기,부산일보,8분전
https://n.news.naver.com/mnews/article/666/0000062424,"트럼프 취임, 인천 자동차·반도체 우려 바이오 기대, 희비 엇갈려 …지원책 시급",https://mimgnews.pstatic.net/image/origin/666/2025/01/19/62424.jpg?type=nf220_150,"오는 20일 도널드 트럼프 미국 대통령 취임을 앞둔 가운데, 인천의 주요 산업계의 희비가 엇갈리고 있다. 자동차 부품과 반도체 업계는 우려가, 바이오·의약품 업계는 기대감이 크다. 지역 안팎에서는 인천시와 인천상공회",경기일보,9분전
https://n.news.naver.com/mnews/article/081/0003512080,"삼성전자, 넥슨·네오플과 맞손…한 차원 높은 3D 게이밍 기술개발 MOU",https://mimgnews.pstatic.net/image/origin/081/2025/01/19/3512080.jpg?type=nf220_150,"삼성전자가 게임사 넥슨코리아와 넥슨의 자회사 네오플과 함께 3D 게이밍 경험 제공을 위한 기술 개발에 나섰다. 삼성전자와 넥슨, 네오플은 3D 전용 안경 없이도 3D 경험을 제공하는 ‘오디세이 3D’ 게이밍 모니터를",서울신문,9분전
https://n.news.naver.com/mnews/article/469/0000844833,"'수익률 세계 1위 실화?'... 달라진 한국 증시, 왜?",https://mimgnews.pstatic.net/image/origin/469/2025/01/19/844833.jpg?type=nf220_150,지난해 상승장에서 ‘나홀로 소외’를 겪은 한국 증시가 연초 글로벌 최상위 수익률을 기록하며 질주 중이다. 지난해 성적이 좋지 않아 '저평가' 매력이 부상한 데다 반도체주 등 일부 시가총액 상위주들의 약진이 지수 상승,한국일보,9분전
https://n.news.naver.com/mnews/article/001/0015168263,"강원특별자치도, 폐광지역 창업 지원…올해 예산 24억 편성",https://mimgnews.pstatic.net/image/origin/001/2025/01/19/15168263.jpg?type=nf220_150,강원특별자치도(이하 강원도)가 태백 등 폐광지역의 자원과 유휴 공간을 활용한 창업 기업 발굴에 나선다. 이를 위해 오는 20일부터 다음 달 20일까지 '폐광지역 창업 활성화 지원사업'을 추진키로 하고 참여 기업을 모,연합뉴스,9분전
https://n.news.naver.com/mnews/article/082/0001308240,"BYC, 숙면 아이템 ‘기모나염 잠옷세트’ 출시",https://mimgnews.pstatic.net/image/origin/082/2025/01/19/1308240.jpg?type=nf220_150,BYC는 추운 날씨에도 따뜻하고 편안한 잠자리를 위한 숙면 아이템으로 ‘올데이롱 기모나염 잠옷세트’를 출시했다고 밝혔다. ‘올데이롱 기모나염 잠옷세트’는 면 100%의 기모 제품으로 촉감이 부드럽고 뛰어난 통기성이,부산일보,10분전
https://n.news.naver.com/mnews/article/009/0005431287,썰매·물놀이 … 대구 신천 '사계절 핫플' 변신,https://mimgnews.pstatic.net/image/origin/009/2025/01/19/5431287.jpg?type=nf220_150,대구 도심하천 개발 성과 어르신만 산책하던 하천변에 스케이트장·꽃정원 등 조성 요금 저렴하고 접근성 좋아 겨울방학 기간 5만명 다녀가 지난 17일 찾은 대구 중구 대봉교 아래 신천변에서는 추운 날씨에도 아이들 웃음소,매일경제,13분전
https://n.news.naver.com/mnews/article/057/0001867579,"한남4구역 승자는 삼성물산…삼성·현대, 강남 재건축 '2차전' 예고",https://mimgnews.pstatic.net/image/origin/057/2025/01/19/1867579.jpg?type=nf220_150,건설업계 1위 삼성물산이 2위 현대건설을 누르고 어제(18일) 서울 용산구 한남4구역 재개발사업 시공사로 선정됐습니다. 서울 용산구 보광동 360번지 일대 16만 제곱미터를 재개발하는 한남4구역 사업은 조합이 제시한,MBN,16분전
https://n.news.naver.com/mnews/article/088/0000926902,"'지정 휴일, 권장 휴무'로 눈치 안보고 최대 9일까지 설 휴가",https://mimgnews.pstatic.net/image/origin/088/2025/01/19/926902.jpg?type=nf220_150,국내 일부 대기업이 설 명절을 앞두고 '샌드위치 휴일'인 오는 31일을 휴무 또는 권장 휴무일로 지정하면서 설연휴가 최대 6일에서 9일로 늘어나게 됐다. 정부가 오는 27일을 임시공휴일로 지정한데 이어 사회 전반에,매일신문,17분전
https://n.news.naver.com/mnews/article/088/0000926900,"대구백화점, 명절음식 예약판매 … ""주부들 수고 덜어주세요""",https://mimgnews.pstatic.net/image/origin/088/2025/01/19/926900.jpg?type=nf220_150,,매일신문,20분전
https://n.news.naver.com/mnews/article/005/0001752630,인도가 車회사 격전지 된 세 가지 이유… 현대차도 ‘올인’,https://mimgnews.pstatic.net/image/origin/005/2025/01/19/1752630.jpg?type=nf220_150,인도 시장이 글로벌 완성차 업체들의 격전지로 부상하고 있다. 세계 1위 인구를 바탕으로 자동차 시장이 빠르게 확산하고 있어서다. 전기차 비중이 작아 시장 잠재력은 무궁무진한데 중국 업체의 침투가 쉽지 않다는 것도 장,국민일보,20분전
https://n.news.naver.com/mnews/article/055/0001224908,공매도 통합 가이드라인 마련…내부통제기준 법인별 차등화,https://mimgnews.pstatic.net/image/origin/055/2025/01/19/1224908.jpg?type=nf220_150,▲위 사진은 기사 내용과 관련이 없습니다. 금융당국이 오는 3월 말 공매도 재개를 앞두고 규제 체계를 명확히 하는 '통합 가이드라인 최종안'을 마련했다고 밝혔습니다. 가이드라인에 따르면 무차입 공매도 발생 가능성에,SBS,21분전
https://n.news.naver.com/mnews/article/382/0001173971,김재관 KB국민카드 사장 “소통·공감으로 최고의 가치 선사”,https://mimgnews.pstatic.net/image/origin/382/2025/01/19/1173971.jpg?type=nf220_150,"-‘2025 상반기 경영전략회의’ 열어 -미래 변화 대응…협업 문화 정착 KB국민카드가 최근 서울 종로구 본사에서 ‘2025년 상반기 경영전략회의’를 열었다. 주제는 ‘소통과 공감’으로, 고객에게 최고의 가치를 선사",스포츠동아,23분전
https://n.news.naver.com/mnews/article/028/0002727381,"기업 75%, 설 휴무일 6일 이상…“경기악화” 코로나 이후 최고",https://mimgnews.pstatic.net/image/origin/028/2025/01/19/2727381.jpg?type=nf220_150,"국내 기업 10곳 중 7곳 이상이 올해 설 연휴에 6일 이상 쉰다는 조사 결과가 나왔다. 한국경영자총협회는 설 연휴에 일을 쉬는 전국 5명 이상 기업 587개를 대상으로 조사한 결과, 45.0%가 연휴 기간에 6일간",한겨레,23분전
https://n.news.naver.com/mnews/article/088/0000926899,"'그냥 쉬는' 청년, 1년 새 12% ↑…불완전 취업도 37% 뛰어",https://mimgnews.pstatic.net/image/origin/088/2025/01/19/926899.jpg?type=nf220_150,'12·3 비상계엄' 사태 이후 내수 경기가 차갑게 식은 가운데 청년층 고용지표도 악화일로다. 지난달 일을 하지도 구직활동을 하지도 않고 그냥 쉰 청년이 1년 전보다 12% 이상 늘어난 것. 여기에 '불완전 취업',매일신문,23분전
https://n.news.naver.com/mnews/article/382/0001173966,"“역대 최대 금액” 한국맥도날드, RMHC에 8억 기부",https://mimgnews.pstatic.net/image/origin/382/2025/01/19/1173966.jpg?type=nf220_150,-중증환아 가족 위한 하우스 건립 한국맥도날드가 로날드 맥도날드 하우스(RMHC)에 역대 최대 금액인 약 8억1000만 원의 기부금을 전달했다. 해피밀과 행운버거의 판매 수익금 일부를 비롯해 매장 내 모금함과 임직원,스포츠동아,25분전
https://n.news.naver.com/mnews/article/025/0003415753,"대기업 42% ""설 연휴, 7일 이상 쉰다""…중소기업과 '빈부격차'",https://mimgnews.pstatic.net/image/origin/025/2025/01/19/3415753.jpg?type=nf220_150,#1. LG그룹 계열사에 다니는 이 모(32) 씨는 오는 25일부터 다음 달 2일까지 9일 연속으로 쉰다. 27일이 임시공휴일인 데다 31일도 전사 차원 휴무일로 지정됐기 때문이다. 이 씨는 “집에서 푹 쉬며 재충전,중앙일보,27분전
https://n.news.naver.com/mnews/article/087/0001093434,“전통시장에 많이 방문해 주세요”,https://mimgnews.pstatic.net/image/origin/087/2025/01/19/1093434.jpg?type=nf220_150,강원특별자치도의 설맞이 전통시장 소비촉진 캠페인이 본격적으로 시작됐다. 김진태 지사는 지난 18일 장날을 맞은 화천시장을 방문해 직접 장을 보며 민생 현장의 목소리를 청취했다. 이날 김 지사는 박대현 도의원 등과 함,강원일보,27분전
https://n.news.naver.com/mnews/article/025/0003415752,"정부 추진 ‘구글·애플·네이버·카카오’ 특별규제, 트럼프에 막히나",https://mimgnews.pstatic.net/image/origin/025/2025/01/19/3415752.jpg?type=nf220_150,정부가 추진 중인 국내·외 주요 온라인 플랫폼 특별 규제 정책이 20일 도널드 트럼프 미국 행정부 출범으로 안갯속에 휩싸일 전망이다. 앞서 공정거래위원회는 지난해 9월 “온라인 플랫폼 독과점 분야에서 반경쟁행위(자사,중앙일보,27분전
https://n.news.naver.com/mnews/article/382/0001173963,"이디야커피, 라오스 진출…동남아 공략 가속도",https://mimgnews.pstatic.net/image/origin/382/2025/01/19/1173963.jpg?type=nf220_150,"-6월 첫 매장…현지 맞춤 메뉴 개발 이디야커피가 라오스 기업 코라오 그룹의 그랜드뷰프라퍼티와 라오스, 캄보디아, 미얀마 진출을 위한 마스터프랜차이즈(MF) 계약을 체결했다. 이번 계약을 통해 6월 라오스에 첫 매장",스포츠동아,28분전
https://n.news.naver.com/mnews/article/081/0003512076,"현대차, 인도서 3륜·초소형 4륜 전기차 콘셉트 공개…마이크로모빌리티 선도",https://mimgnews.pstatic.net/image/origin/081/2025/01/19/3512076.jpg?type=nf220_150,현대자동차는 18일(현지시간) 인도 델리의 바랏 만다팜 컨벤션 센터에서 열린 ‘바랏 모빌리티 글로벌 엑스포 2025’에 참가해 3륜 및 마이크로 4륜 전기차(EV) 콘셉트를 공개했다고 19일 밝혔다. 마이크로모빌리티,서울신문,28분전
https://n.news.naver.com/mnews/article/032/0003346300,"가상자산거래소 업비트, 관리부실 정황에 커지는 ‘리스크’",https://mimgnews.pstatic.net/image/origin/032/2025/01/19/3346300.jpg?type=nf220_150,"국내 가상자산거래소 시장 점유율 1위인 업비트의 관리 부실 문제가 도마 위에 올랐다. 최근 업비트의 자금세탁 방지의무 위반을 적발한 금융당국이 제재를 검토하는 가운데, 상장된 코인도 제대로 관리되고 있지 않아 투자자",경향신문,28분전
https://n.news.naver.com/mnews/article/018/0005927893,"산업부, 올해 중견기업 기술개발 사업 ‘스타트’",https://mimgnews.pstatic.net/image/origin/018/2025/01/19/5927893.jpg?type=nf220_150,산업통상자원부가 20일부터 총 534억원의 예산을 투입하는 올해 중견기업 관련 기술개발 사업 접수를 시작한다고 19일 밝혔다. 산업통상자원부와 한국산업기술진흥원(KIAT)이 지난해 12월4일 롯데호텔 서울에서 개최한,이데일리,30분전
https://n.news.naver.com/mnews/article/008/0005143145,트럼프 2기 통상 변화에 수출·투자 기업 긴장…정부 대응은?,https://mimgnews.pstatic.net/image/origin/008/2025/01/19/5143145.jpg?type=nf220_150,도널드 트럼프 미국 대통령의 취임식이 20일(현지시간) 열리는 가운데 대미 수출 의존도가 높은 우리나라에 미칠 직·간접적 영향에 관심이 쏠린다. 취임 전부터 예고한 보편관세에 따른 수출 감소와 미국 정책 변화에 따른,머니투데이,36분전
https://n.news.naver.com/mnews/article/640/0000064496,Shinsegae chairman to schmooze with Trump Jr. and friends at inauguration,https://mimgnews.pstatic.net/image/origin/640/2025/01/19/64496.jpg?type=nf220_150,Korean business heads are gearing up for a Donald Trump presidency. Major conglomerate leaders are set to attend the Pre,코리아중앙데일리,36분전
https://n.news.naver.com/mnews/article/082/0001308237,설 연휴 연말정산·선물배송 사칭 스미싱 주의보,https://mimgnews.pstatic.net/image/origin/082/2025/01/19/1308237.jpg?type=nf220_150,"정부는 설 연휴를 틈타 연말정산, 과태료·범칙금 조회 등 공공기관을 사칭하거나 명절 선물을 위장한 스미싱 문자에 각별히 주의해달라고 19일 밝혔다. 2022년부터 2024년까지 관계 당국에서 탐지한 문자 사기 현황을",부산일보,38분전
https://n.news.naver.com/mnews/article/025/0003415749,신혼부부면 최대 100만원 세액공제…'13월 월급' 더 받는 꿀팁,https://mimgnews.pstatic.net/image/origin/025/2025/01/19/3415749.jpg?type=nf220_150,"연말정산 시즌이 돌아왔다. 20일부터 연말정산 간소화 서비스 최종 확정자료 열람이 시작된다. 지난해 얼마큼 벌어, 얼마큼 썼는지 정확하게 파악할 수 있는 자료다. ‘13월의 월급’을 조금이라도 더 받으려면 챙길 게",중앙일보,39분전
https://n.news.naver.com/mnews/article/082/0001308236,설명절 ‘항공권·택배·건강식품’ 피해주의,https://mimgnews.pstatic.net/image/origin/082/2025/01/19/1308236.jpg?type=nf220_150,한국소비자원과 공정거래위원회는 설 명절을 맞아 피해가 증가할 것으로 예상되는 항공권·택배·건강식품에 대해 소비자 피해주의보를 발령했다고 19일 밝혔다. 소비자원과 공정위는 항공권·택배·건강식품은 명절을 전후로 소비자,부산일보,42분전
https://n.news.naver.com/mnews/article/087/0001093426,변화와 혁신을 선도하는 ‘새로운 강원농협’ 구현 노력,https://mimgnews.pstatic.net/image/origin/087/2025/01/19/1093426.jpg?type=nf220_150,농협중앙회 강원본부(본부장:김경록)가 지난 17일 지역본부 대회의실에서 강원농협 직원 60여 명이 참석한 가운데 ‘2025년 강원농협 업무보고회’를 갖고 변화와 혁신을 선도하는 ‘새로운 강원농협’ 구현을 위해 노력하,강원일보,49분전
https://n.news.naver.com/mnews/article/020/0003610848,원-달러 환율 내림세-증시도 상승 기대감 ‘솔솔’,https://mimgnews.pstatic.net/image/origin/020/2025/01/19/3610848.jpg?type=nf220_150,지난해 12월 비상계엄 사태 이후 얼어붙었던 국내 외환·금융 시장이 올해 들어 회복세를 나타냈다. 강달러를 부추기는 미국의 경제 지표에도 원-달러 환율은 내림세를 보였다. 국내 증시도 외국인들의 순매수세에 힘입어 올,동아일보,50분전
https://n.news.naver.com/mnews/article/009/0005431250,"""美증시 상승흐름 지속 단기 조정 가능성은 커""",https://mimgnews.pstatic.net/image/origin/009/2025/01/19/5431250.jpg?type=nf220_150,"""올해 1분기는 변동성장세 조정 한 번은 겪어야 경기침체·약세장 예상안해"" 기준금리 인하 속도 관련 연준인사""재정정책 변수"" 2025 미국증시 어디로 미국 증시는 통상 1분기(1~3월)에 대체로 상승세라고 알려져 있",매일경제,55분전
